rpid,name,content,like,rcount,sentiment_score,analysis_result
2103396266,F一233,"1不为谁而作的歌
2陪你度过漫长岁月
3你曾是少年
4你的爱
5小幸运
6念念
7清风徐来
8墨
9我变了我没变
10失语者
11多远都要在一起
12勇敢
13下雨的夜晚
14当你老了
15我的梦
16演员
17易燃易爆炸
18再见只是陌生人
19年轮
20红颜旧
21远在眼前的你
22可以的话
23简爱
24不将就
25搞笑
26隔墙花
27血腥爱情故事
28异类
29反正我信了
30来自天堂的魔鬼
31就是现在
32无条件
33初夏
34一次就好
35关键词
36千古
37得不到的温柔
38创作者
39一念之间
40国王与乞丐
41绅士
42不说再见
43走着走着就散了
44宠爱
45badgirl",564,11,0.9999999997521671,positive
2105065136,Clearlove枫夏,我发觉有些人不是来听歌的，是来听人的，素质真的差。,282,7,0.08390964910041887,negative
2103357081,纠自,哇！还有三期就要开始年更了[doge],255,2,0.5798775641323725,neutral
2103423318,訫殇无痕,"1 不为谁而作的歌 林俊杰
2 陪你度过漫长岁月 陈奕迅
3 你曾是少年 S.H.E
4 你的爱 王力宏
5 小幸运 田馥甄
6 念念 刘若英
7 清风徐来 王菲
8 默 那英
9 我变了我没变 杨宗纬
10 失语者 蔡健雅
11 多远都要在一起 邓紫棋
12 勇敢 五月天
13 下雨的夜晚 苏打绿
14 当你老了 赵照
15 我的梦 张靓颖
16 演员 薛之谦
17 易燃易爆炸 陈粒
18 再见只是陌生人 庄心妍
19 年轮 张碧晨
20 红颜旧 刘涛
21 远在眼前的你 王心凌
22 可以的话 梁静茹
23 简爱 孙燕姿
24 不将就 李荣浩
25 搞笑 胡彦斌
26 隔墙花 周笔畅
27 血腥爱情故事 张惠妹
28 异类 华晨宇
29 反正我信了苏见信
30 来自天堂的魔鬼 邓紫棋
31 就是现在 王力宏
32 无条件 陈奕迅
33 初夏 刘瑞琪
34 一次就好 杨宗纬
35 关键词 林俊杰
36 千古 许嵩
37 得不到的温柔 汪苏泷
38 创作者 徐良/本兮
39 一念之间 张杰/莫文蔚
40 国王与乞丐 华晨宇/杨宗纬
41 绅士 薛之谦
42 同桌的你 好妹妹乐队
43 走着走着就散了 庄心妍
44 宠爱 TFBOYS
45 Bad Girl 吴亦凡
纯手打，希望支持一下，谢谢[微笑]",175,6,1.0,positive
2107064540,怠惰菌丶,你们是不是觉得没听过=质量差？真是有够扯的[无语],145,4,0.01027707640113762,negative
2103357810,吐槽阿瞒,就快到鸡你太美了！,131,8,0.9210795154934626,positive
2104247416,Krass-,我感觉弹幕的脾气都有点大嗷，一放近几年火的歌手就一直发“爬”和“呕”，你们是得有多牛批？？不爱听就不听呗，还得骂两句？你自己觉得不好听不代表这歌不好听噢，只是我们的喜好不一样而已，不要以为你听的歌手牛批你也就牛批。,283,42,0.01243953128015085,negative
2103532980,123呀带朵花,表白华晨宇！！！av55019688新世界av31639597降临av31541638斗牛,196,34,0.6273670438947926,neutral
2104063226,小小兔毛,b站还有这么多喷子，都2019了素质还是这么差[无语],51,2,0.08424744667888773,negative
2103373152,雨季会降临赤地__,为《你曾是少年》打call！！！,46,1,0.9917105756690663,positive
2113219986,力匕力匕,不明白为什么连苏运莹的《野子》都没有，有些歌手曾经辉煌过，但巅峰期过后歌曲质量真的不行了，就没必要必须给他们每人安排一首上榜，我认为这个这个歌单要么有传唱度，要么有质量，要么在当年有特殊意义...,29,2,0.980821568409119,positive
2107717174,鲁路修灬Cc,就是想扯两句，崇洋媚外真是什么年代都存在，是慕洋犬还是跪多了，中文就是翻唱，英文就是原版？还特么弹幕我只听过原版，左转查下华为主题曲资料不难。当然这只是个简单的例子，最近看到太多慕洋犬，实在没惹住就评论了,35,1,0.07649710457071657,negative
2103374465,许一生不嵩手,我这次到太早了，没发直接看有几首许嵩了,40,7,0.8090803185943718,positive
2103365441,蛤哈呵哈,离年更有少了一期[嫌弃],30,3,0.5736232637647726,neutral
2104142815,疯人院的小丑布雨yu,华晨宇15年的蜉蝣和地球之盐也不错[吃瓜][吃瓜],50,13,0.940024200989375,positive
2103435098,我需要保持清醒,听了这些歌感觉15年还没过多久，结果已经快20年了[大哭][大哭][大哭],25,3,0.8527952613483818,positive
2108587875,浅梦梨花雨,服了，你们到底是选歌还是选人？还有，都什么年代了还说三巨头都是口水歌？许嵩的歌词是口水歌能写的？汪苏泷天天参加各种节目就是为了证明自己，可现在还是那么多偏见，徐良更不说了，很多人早就不关注了，对他的印象停留在6年前了吧？,18,0,0.999999372205064,positive
2252103499,阿狸是我女漂QVQ,质量是不是越来越低什么的我不清楚，但人的素质越来越低弹幕就能看出来[吐],20,0,0.19860796017143412,negative
2201033748,离歌歌,"苏打绿这张专辑横扫金曲奖，一口气拿了最佳国语专辑、最佳乐团、最佳作词人、最佳编曲人 、最佳专辑制作人五个奖。
不是没有好歌，不是没有优秀的音乐人，是你们没发现而已。当然也不怪你们，现在流量占据市场，优秀的音乐人被淹没在流量下面了。",17,1,0.9998783385751284,positive
2123662057,江碧鸟白,华语乐坛[笑哭]05年是那些人，15年基本还是那些人,5,0,0.8342704063778543,positive
2104276028,是子慧鸭,表白华晨宇,30,0,0.240218523683985,negative
2104076999,屋塔房的女孩,鸡你太美快了吗[奸笑][奸笑],5,0,0.49620649774396874,neutral
2103571403,波塞冬公主,那个男人这一年鸽了[doge],16,1,0.5809674133981265,neutral
2154673223,夏宇咯,b站现在是怎么了？无脑跟风黑？不喜欢看快进不行？非要发弹幕骂几句？,20,0,0.12272133704191823,negative
2465567986,我永远喜欢霜星,现在这弹幕怎么回事。到处都是爬，滚，怎么滴没听过就质量不行？那你可真牛逼嗷，惹不起你们社会精神小伙,4,0,0.8059633003304815,positive
2151569223,星禾呈,"这弹幕，想开不想看，说心里话，来b站几年了，一直都觉得弹幕都是善意的，都是正能量的，结果今天一天刷完了这个系列，弹幕开的我真的难受，总有一些人，就那么一点点人，让人看的真的难受，有一点心疼。
（不管歌是什么风格，不管是不是土味，不管唱他的人怎样，他曾经很流唱过，或者说火过，也曾给人触动过，真的不值得。）",16,1,0.9999992884343382,positive
2128138259,泰瑞亚双刀侠,这一年的质量也挺高，其实变的真的不是乐坛，也不是观众审美水平下降了，只是时间在流逝罢了,4,1,0.9888526650178113,positive
2149582652,空之己殇,从14年开始有些弹幕就不做人了[洛天依_看透一切],16,3,0.863798217943926,positive
4997523826,小小屁颠,我就想笑了，后面一帮人自己不听了，不关注了，就在那喊不行了，不行了，都什么心里？你觉得不行就不行呗，疯狂刷些nt弹幕，真让人火大[无语],3,0,0.017380719059505,negative
2738356522,你猜我是什么馅的,林俊杰每年稳定输出,11,0,0.8717355323649058,positive
2638735025,羽生夫人yuzumt,我真的求求了！《冬 未了》那么多神仙作品为什么一定要选最流行的一首！安利给大家《他举起右手点名》《痛快的哀艳》《对杀人狂指控》《墙外的风景》《未了》！绝对不是大众眼中的苏打绿！我保证！,8,1,0.9999988887246293,positive
2148651021,轻音少女的期许,[嫌弃]有谁听完了这些歌，发现居然是一五年的。发现原来没过几年可是感觉已经是很久很久前的记忆了。突然发现自己还很年轻[喜极而泣][喜极而泣][喜极而泣],3,0,0.8795910456331085,positive
2106284049,不辞冰雪为卿热ting,超凶的异类，大哥带我去打架系列,12,0,0.08624585623542536,negative
2106134136,万恶得人,国王与乞丐是我路转粉的作品……,16,8,0.7196090051074744,positive
2104015394,阿拉斯加_不撕家,其实每年都有好歌的，只是量多好歌的比例没那么高而已！,3,3,0.2515006253153764,negative
2103732252,虾滑少年,五年后再回首2015年，还会有现在看2005年的感觉吗，大概达不到，但希望乐坛能越来越好，迎来新的巅峰,3,0,0.9243971952849616,positive
2103698297,中二淺,只想对那群谁打不过谁的傻憨憨说，不看开头？说了排名不分先后，还在那边憨憨发言,13,0,0.026081983208105064,negative
2103539357,九鼎罗神,15年能打的很少，神曲没有,3,2,0.4623720304738287,neutral
2103474939,者也之乎者也,每次抢到沙发都会因为不会说话而上不了神评 啥都不说了我给大家拜个早年,3,0,0.6214088886476127,neutral
2103422490,深坑四棵树,不少都是影视的片头片尾或者配乐啊，有情境，就像mv的存在是有道理的。,3,0,0.3863882506942655,neutral
2103422490,深坑四棵树,不少都是影视的片头片尾或者配乐啊，有情境，就像mv的存在是有道理的。,3,0,0.3863882506942655,neutral
2103370826,wyl的小睫毛,开幕雷击！,3,0,0.15258541937922643,negative
2103363323,HONEY咩咩小姐,哇哦哇哦  封面是我花,10,0,0.6968191877724467,neutral
2103394642,你这么腻害怎么不去青青草原抓羊呢,这么多年全靠了同一批人[小电视_赞],7,0,0.8585837129445669,positive
2175876565,铃儿好可爱,"哈哈哈哈哈哈哈up辛苦了，眼看弹幕越来越暴躁。
受喷比较集中的这些人我也就对tf比较上心，但说实话看着他们发的满屏“?”和“裂开”，心里居然不是特别生气甚至有点想笑，一个原因当然是tf的走红确实尼玛离谱，谁能想到三个小屁孩玩儿似的唱了几首儿歌就火成那样，然后更是如火燎原一发不可收拾，恐怕连他们自己都懵了吧，简直就像莫名其妙被安排了(央s爸爸请正面回答这个问题)。也正因如此，虽然他们并没有做过伤天害理的事，只是几个未成年的小孩，却在持续几年间受到了很多来自成年人的恶意嘲讽和攻击，这些无疑造成了巨大的压力和伤害。
但好在他们没有被打倒，没有长特别歪(…我还是加个特别吧，源你懂我意思吧)，如今几人愈发成熟，开始有了话语权，也在用实力尽可能稍微扭转大众对他们的看法，这个过程很艰难就是了，毕竟心中的成见像一座大山嘛。幸运的是，随着造星工厂选秀节目的推出，两年间小鲜肉井喷式涌现，感天动地同事情，万般难处逃不过“全靠同行衬托”这六字箴言，在经受过一场“鸡你太美”的洗礼后，观众心灵得到了升华，容忍度得到了提升，再看不浓妆艳抹的国产爱豆加油男孩后，突然觉得顺眼很多！固然依旧有嘲，但里面更多的意味变成娱乐性质的调侃，而不是恶意中伤了。娱乐至上的时代，所有人都该有为娱乐“献身”的觉悟，明星更是如此。
二是因为三小只奋战至今，所拥有的不是危如累卵的流量，而是真正靠厮杀拼夺下来的资源、口碑，这些稳扎稳打的实力，不是过路人几句谩骂就能左右的。
艹我是不是认真了！我真的认真了！
对不起了四叶草萌我都是瞎jb扯的，和你们粉丝无关，我只是一个热爱音乐喜欢惹事闲的淡疼的无聊观众。

还有哦，拜托不要在弹幕里，放别人的歌的时候，一直逼逼赖赖你在等谁你要看谁，虽然不讨厌那个人但是观感很差！这种弹幕真的很敏感！发这种话的不是zz就是黑啊我觉得。
还有哦，薛某人就算了，他的知名事件勉勉强强算私生活，看他出来挨打还能图一乐，但蔡健雅是抄袭吧，抄袭是底线，这种行为很可耻的，怎么配上榜！这个人我不喜欢，快让她下ke！",4,0,1.0,positive
2136860626,chenling00,听完倒觉得不是歌的质量不好，总体来说好歌也不少，但是传唱度大不如前。或许是版权的限制，或许是娱乐方式的丰富，种种原因让好歌容易被埋没，一味说倒退的，不过只是觉得不熟，这某种程度上也跟时间有关,7,2,0.9998899334441785,positive
2103714752,擅长捉弄的要命同学,说实话质量挺高的啊,4,0,0.7457522669723994,positive
2122078470,姜太公电胖头鱼,世界从不缺少美好的事物，从来都是缺少发现美的眼睛,7,0,0.9945663305928928,positive
99389382784,昭宵礼喻,其实选错了……绿团应该选痛哀或者点名的，选了下雨的夜晚,2,0,0.9986019339662533,positive
4857206525,考研无名者,对，是[微笑]这里面是有人人品不好做错过事，那你骂别人就很有人品了是吧，站在道德制高点[微笑]他犯的错你没犯你就觉得有资格了？你犯过的错他没干过也不见得别人骂你啊,2,0,0.6507355552297776,neutral
3550626525,仙草意大利炮,2015年是小幸运年[喜欢],2,0,0.9393263931559521,positive
3235995324,NormanFFRockwell,一些歌手真的十年如一日的曲风，真的没有变过的。,2,0,0.7665529570590189,positive
2709775611,LALABA_小彩虹,苏打绿横扫金曲奖的一年，冬 未了神专！,2,0,0.992791269809111,positive
2329535494,陆渝洁,补充两首：陈粒《奇妙能力歌》，南征北战《骄傲的少年》,2,0,0.9999566163393367,positive
2181886460,天knight,其实这十几年歌坛依旧都是那些人，最多也就多了华晨宇 邓紫棋这几个实力特别出众的,2,0,0.9971623933645045,positive
2173455391,海盗船长的喵,不好的歌每个时代都有，同样也不乏好的歌曲。对于不同年龄段人群的审美也不同，不能说符合自己审美需求的歌就是质量好的歌，为什么一些歌有那么多受众其实是有原因的。时代在向前发展，而我们只会老去，就像当初周董同样也是被年长一代人的不认可，到现在的中年人的追捧，但也别忘了，新一代年轻人正在赶来的路上。歌曲本身没有高低贵贱。,2,0,0.9999999989057446,positive
2138480876,账号已注销,说真的那些说唱什么都一个味的，不知道每个歌手都有自己的个人风格吗[捂脸]你们喜欢的歌手在别人眼中也是唱什么都一个调，还全都是情歌[捂脸],5,0,0.004821971959571125,negative
2123662057,江碧鸟白,华语乐坛[笑哭]05年是那些人，15年基本还是那些人,5,0,0.8342704063778543,positive
2108270965,海绵宝宝制杖儿,打问号的人是不是脑子有泡啊？需要👴给你理理疏通？,2,0,0.006415621733428467,negative
2105875644,周杰伦我给你买奶茶啦,周胖子不出专辑气死我了！！,2,1,0.200210072207601,negative
2105875644,周杰伦我给你买奶茶啦,周胖子不出专辑气死我了！！,2,1,0.200210072207601,negative
2105335163,觅欢_Cotton_,弹幕都是来听人的，不是来听歌的,7,0,0.827580616763612,positive
2104506063,啥视频都看的宅男,汪苏泷的那首《得不到的温柔》应该是《登陆计划》专辑里最差的一首吧？《银河》、《睡前故事》、《不用紧张》、《地动山摇》都比这首强吧。。。,2,2,0.9999242975540453,positive
2104150537,柚甜柚子ovo,他来了他来了！他带着2019的waitwaitwait来了！,5,0,0.7564943271273764,positive
2103455145,Q达不溜,"1，不为谁而作的歌 林俊杰
2，陪你度过漫长岁月 陈奕迅
3，你曾是少年 s.h.e
4，你的爱 王力宏
5，小幸运 田甄馥
6，念念 刘若英
7，清风徐来 王菲
8，默 那英
9，我变了我没变 杨宗纬
10，失语者 蔡雅健
11，多远都要在一起 邓紫棋
12，勇敢 五月天
13，下雨的夜晚 苏打绿
14，当你老了 赵照
15，我的梦 张靓颖
16，演员 薛之谦
17，易燃易爆炸 陈粒
18，再见只是陌生人 庄心妍
19，年轮 张碧晨
20，红颜旧 刘涛
21，远在眼前的你 王心凌
22，可以的话 梁静茹
23，简爱 孙燕姿
24，不将就 李荣浩
25，搞笑 胡彦斌
26，隔壁花 周笔畅
27，血腥爱情故事 张惠妹
28，异类 华晨宇
29，反正我信了 苏见信
30，来自天堂的魔鬼 邓紫棋
31，就是现在 王力宏
32，无条件 陈奕迅
33，初夏 刘瑞琦
34，一次就好 杨宗纬
35，关键词 林俊杰
36，千古 许嵩
37，得不到的温柔 汪苏泷
38，创作者 徐良/本兮
39，一念之间 张杰/莫文蔚
40，国王和乞丐 华晨宇/杨宗纬
41，绅士 薛之谦
42，不说再见 好妹妹乐队
43，走着走着就散了 庄心妍
44，宠爱 tfboys
45，bad girl 吴亦凡",2,0,1.0,positive
2103384980,-吳彥祖,手机快没电了坚持看了up的视频 看完最后一首莫名电又满了,9,0,0.5507771187388999,neutral
118118324528,冀州傅九爷,"其实肉眼可见的下降 
不过唱作大佬依然稳定 譬如 林俊杰 周杰伦 王力宏",2,1,0.9922873862803843,positive
2105050407,先点燃一束烟花,“每年年底贡献年度歌曲的男人”非常真实了 弹幕出来挨夸,3,0,0.9968858092868194,positive
2106180097,一言一羲,"华晨宇音乐合集
十大精彩现场av12340665
18年十大现场av39879067
17年十大现场av19226854
16年十大现场av8468762
13-14十大现场av2028854
歌手2018华晨宇歌曲集av37746942
天籁之战1.2集歌曲集av18043105
13年快男cut：av14831380
16年深圳演唱会av6404723
新歌：斗牛av31541638",5,0,0.00030057250902482124,negative
5748819308,哗枯huaku,其实我感觉可能是审美观念不同。比如说一些老歌，我就欣赏不了。不论是哪个时期的，我觉得好听就喜欢。就算是老歌，别人吹的再厉害，我听了觉得不好听，我也不喜欢。,1,0,0.9714594444992791,positive
5039450000,亮治什么戏,弹幕质量真的太低了,1,1,0.43915219282729023,neutral
5000232277,破的镇魂歌,讲道理的确是质量下降了，虽然每年依然有几首好歌，但是总体占比太少了。举个例子，演员。小幸运这些歌其实非常好了，但是这一年有几首演员这种级别的歌？而老的时候那些没上榜的真不必上榜的差，这就是区别。,1,0,0.9901149213388174,positive
4808751075,小心我用鲨齿给你梳头,弹幕是来听歌的还是来评价人品的,1,0,0.6599259477676448,neutral
4689189641,盖世普通人,从去年开始，八个字形容：江郎才尽，后继无人。最好听的竟然是薛巨蟹你敢信,1,0,0.3437023262585268,neutral
4378446734,不想回诺坎普,不为谁而作的歌是我这几年听的华语歌个人最喜欢的一首。放在0几年在我心里也是最好的。,1,0,0.41621204444864734,neutral
3946626146,憨憨的voidMain,我的滑板鞋是不是15年的啊，为啥没有啊。我觉得15年最洗脑的曲子了[喜极而泣],1,0,0.016776793221763064,negative
3747280859,搞事倾城,弹幕素质要是好一点就好了,1,0,0.749007952268937,positive
3371345018,极昼中的天使,神仙打神仙的，菜鸡啄菜鸡的[抠鼻],1,0,0.6148378623471448,neutral
3278044679,春笺i,最后两首，[热词系列_我裂开了],1,0,0.32750315260382346,neutral
3194884435,小唐啊阿糖,有些人不是看歌  是看人,1,0,0.7636901555230408,positive
3185172783,登徒子奇遇记,这tm叫没落？？,1,0,0.077586586530218,negative
3021159570,可长点心吧,第一次听bad girl是在QQ炫舞手游，打排位赛放的这首，当时听得我头都要炸了，为了排位硬是忍着没退出，从此看到这首歌必ban,1,0,0.9759450286468125,positive
2852851547,太阳他终将升起,李荣浩吴青峰是正经的华语乐坛接班人，继承了上一代的词曲才华,1,1,0.9999946286931141,positive
2818373525,枫迩风,我不能理解有些人一遍叫嚣着华语乐坛江河日下了来来回回就这么几个人了故作感慨，但每当新生歌手出来有所创新时却一直闭眼贬低瞧不起，呵呵，华语乐坛没落除了创作者更大一部分原因是原地踏步的听众！,1,1,0.997638983113227,positive
2759173362,黑山羊yj,有些人就tm不是来听歌的，遇到某些歌手弹幕就开始了。真的给我看吐了,1,0,0.8756045724199403,positive
2454868930,达瓦里希D,一群人啥都不懂就开始动不动汉化组，改编和抄袭不是同一个概念好吗,1,1,0.4548894321579614,neutral
2396217578,缱绻喵呜,15年！还有一首罗生门的！！！！念念不忘耿耿于怀罗生门啊！,1,1,0.9343579873250246,positive
2342766856,萧瑟于秋,我竟然觉得tfboy的宠爱也挺好听的,1,1,0.9245243562066963,positive
2173374168,海盗船长的喵,有些人把自己的偏见当成真理还自觉得很高尚[微笑],1,0,0.9969844041117855,positive
2164524384,UNM_九月,听歌就听歌，搞不懂那些非要在弹幕里刷汉化，渣男，251的是有病么？,1,0,0.8724667889221795,positive
2153121303,谢乐意,我从up主剪的2007年的音乐一直看到2014年的，感觉听过的越来越少，虽然大部分也都听过，但总不像0几年那么几乎全都听过了，而且感觉分水岭就是青春修炼手册，不是说这首歌不好，而是感觉这首歌以后就代表我好像老了,1,1,0.8102634666220848,positive
2152187358,123580asd,二哥呀，爱你呦[喜欢][喜欢][喜欢],1,0,0.895283559947576,positive
2146102475,1983-年小巷_,二哥还是那么帅[偷笑],1,0,0.9517002860485521,positive
2124806574,迷人的高等数学,2015年还有苏运莹的野子,1,0,0.9191011583398984,positive
2123728095,我永远喜欢文乃,看到最后的压轴立马就投币了[大笑],1,0,0.3088952816261301,neutral
2118080520,樱花树下葬着尸体,感觉弹幕越来越不能看了,1,0,0.7407338749034414,positive
2115896069,SWzdhbggm,tf和cxk比起来还是顺眼不少的，虽然曲风偏年轻了点，但是旋律好听啊，他们不少歌跟着也唱过，cxk是真的接受不来，虽然鸡你太美我现在也喜欢没事来两句[吃瓜],1,3,0.9991278020473306,positive
2114207648,英骁豪,不是，我真的。15年有一首悟空啊,1,1,0.7807814817525699,positive
2111010771,圆圆的肉丸呀,事实证明不是唱歌的人的问题，是听歌的人的问题。我并不认为15的歌比十年前质量差,1,2,0.10923287841818674,negative
2108549775,ccゲ,讲道理除了jj和那英还有薛之谦还行，其他已经明显下降了很多，2哥e迅的也确实不如之前了,1,0,0.9985627477595149,positive
2107400046,poookio,从01年的看到了这期15年的，林俊杰是真的牛，一直高质高量，走到今天[支持][支持][支持],1,0,0.9799999291361233,positive
2106466356,盖世英雄ぺ,王力宏牛批[打call],1,0,0.8465611666117133,positive
2105967460,江生白沙,无语弹幕礼仪在哪里[呆]骂几句就能显得自己很品味高尚吗[无语],1,0,0.9417581029662436,positive
2105242353,白嵐君丶,马上就开始选不出来了,1,0,0.5055847060636732,neutral
2104894524,忘川经年,16年《青年晚报》王炸预订[打call],1,0,0.9299709082729871,positive
2104126891,月胧间,咦嵩大这一年就出了这一首歌?我搜索一看我才明白是为2016年十年专辑《青年晚报》做铺垫啊!!!,1,0,0.9974765986069378,positive
2103672988,佬功-_,天上神仙在打架，地上菜鸡在互啄,1,0,0.350772938104314,neutral
2103597860,-悦-,封面，爱了爱了[害羞][害羞][害羞],1,0,0.9219595580161304,positive
2103530458,睡前一杯咖啡,打call,1,0,0.33333333333333337,neutral
2103504365,红底新手,冬未了就挑了一首出来?,1,3,0.9387642655302315,positive
2103491644,海绵啊海绵船长,马上就到19年了，到了19年以后，再从头往后捋么,1,0,0.19714989491369384,negative
2103469209,每天想着如何躺平,为什么没有《你举起右手点名》和《痛快的哀艳》？,1,1,0.9296586095839402,positive
2103420928,把每一天都睡好,终于有一次这么前,1,0,0.6011408242162842,neutral
2103415883,YuShunnnnnn,"1不为谁而作的歌  林俊杰
2陪你度过漫长岁月  陈奕迅
3你曾是少年  s.h.e
4你的爱  王力宏
5小幸运  田馥甄
6念念  刘若英
7清风徐来  王菲
8默  那英
9我变了我没变  杨宗纬
10失语者  蔡健雅
11多远都要在一起  邓紫棋
12勇敢  五月天
13下雨的夜晚  苏打绿
14当你老了  赵照
15我的梦  张靓颖
16演员  薛之谦
17易燃易爆炸  陈粒
18再见只是陌生人  庄心妍
19年轮  张碧晨
20红颜旧  刘涛
21远在眼前的你  王心凌
22可以的话  梁静茹
23简爱  孙燕姿
24不将就  李荣浩
25搞笑  胡彦斌
26隔墙花  周笔畅
27血腥爱情故事  张惠妹
28异类  华晨宇
29反正我信了  苏见信
30来自天堂的魔鬼  邓紫棋
31就是现在  王力宏
32无条件  陈奕迅
33初夏  刘瑞琪
34一次就好  杨宗纬
35关键词  林俊杰
36千古  许嵩
37得不到的温柔  汪苏泷
38创作者  徐良  本兮
39一念之间  张杰  莫文蔚
40国王与乞丐  杨宗纬  华晨宇
41绅士  薛之谦
428锁再见  好妹妹乐队
43走着走着就散了  庄心妍
44宠爱  tfboys
45bad girl 吴亦凡",1,0,1.0,positive
2103406834,G胖打骨折,05年是这些人，15年还是这些人，原来十年已经过去了,1,0,0.9110783781203643,positive
2103399239,香菜达咩人,快到有鸡的年代了[呆],1,1,0.8881255582481586,positive
2103388518,独孤万千l,前排！,1,0,0.5,neutral
2103371968,雨季会降临赤地__,蹲个课代表～😆,1,0,0.8436224238140002,positive
2103357779,承汝之愿,好听[打call],1,0,0.31041609369117307,neutral
125130710096,醉鸟忆风,我突然发现，我的歌单都是随着<我是歌手》更新的。[妙啊],1,0,0.8441686906433069,positive
117558133744,韩少功来了,是我老了吗？2015开始后面的歌 我听不下去了 感觉他们都是在鬼吼 立马切回91开始重听,1,0,0.06763443441897765,negative
108744703872,cae難破船,薛之谦那里的弹幕太恶臭了吧，不是早辟谣了，，，,1,0,0.9418873467312798,positive
100488839440,金额刚到家233,说薛之谦渣的给我整无语了，吃瓜不吃完可以还非要让所有人知道你有多无知，去看看https://b23.tv/BV1Ax411u72v,1,0,0.5903334092293865,neutral
2509329097,mitsui1414,这个视频下面开始出现撕逼了，为什么，因为流量歌手出现了，他们的脑残粉出现了。质量差还说不得，惹不起啊，继续敝帚自珍，自嗨吧。反正没吃过山珍海味的人，吃屎也觉得香。,2,1,0.009148984411870176,negative
2127426910,账号已注销,"华晨宇！
火星大魔王！
向来只拿实力说话！
他是歌手不是明星！
他的歌迷都是一场一场唱出来的！",2,0,0.990539015840434,positive
2124783443,换个太阳温暖你,我家宗纬三杀！,2,1,0.5552058327662225,neutral
2110251113,啊哈哈哈大蒋蒋,虽然但是……TFboys的歌感觉传唱度还蛮高啊，本来各个年龄段就有自己喜欢的歌，对年轻歌手还是多鼓励吧，要不然大家真的都跑去演戏了,2,0,0.9999584048053158,positive
2103540496,深碍舆久绊,建议十年前后的 年榜10-20名比较[doge] 一直觉得榜单前十会落下好多好歌[吃瓜],2,0,0.4339322906187899,neutral
102779874080,不想搭理叫我哈尼,弹幕喜欢踩一捧一。习惯了，,2,0,0.562666818602299,neutral
2828736027,涉世不深的9308,华晨宇不是华语乐坛领军人，是华语乐坛领军唱作人！唱作人！并且这不是歌迷自封的，是经过各大卫视各大品牌认证的！华晨宇本人受到过格莱美大佬的欣赏，并且华晨宇五首歌曲入选2019版山东师范大学音乐学院声乐(男流行)考试曲目，原创歌曲《齐天》入选江苏省艺考曲目。实力真的很能打！（以上皆有证据，不信找我私信。）顺便说一句，华语乐坛领军唱作人这个荣誉加在他身上也不是一天两天了，这时候才拿出来说事大可不必。,3,2,0.9999999989695203,positive
2479455557,阿十栗,一到三小只的歌弹幕就全在骂 你不喜欢这首可以跳过 为什么要在大庭广众之下显露出你的低素质呢 再说 三小只现在的粉丝都比较理智 他们也都踏踏实实  如果做了什么伤天害理的事绝对不能纵容 可他们没有 为什么那么多人开口就是给我爬，滚，你币没了，呕，垃圾之类的。 真的心疼三只。,2,3,0.21514943932851482,negative
2692932149,梦见大猪_,谁没被黑过，我发现现在的粉丝都娇贵的一匹。就你华晨宇被黑过是不?华晨宇这点黑跟当年周杰伦国家民族层面的黑能比吗？还不都是过来了。是怎样就是怎样，不用在意流言蜚语，好的就会留下。也不用扯什么情怀滤镜，那些老歌的确经历了很多年都有人喜欢，这是不争的事实。新生代有人黑，这不是很正常吗，叫唤啥呢?时间久了，自然就能证明好不好。华晨宇水平行不行，自然是行，但是大家老生常谈的传唱度也不是瞎说，你们花圈到底是不是喜欢报团取暖圈地自萌，自己心里也应该有个数。各方面都很厉害的歌手，他们的粉丝，往往都崇尚不争，你们这么喜欢争，恰恰证明歌手的确存在不足。这叫什么，恼羞成怒。不仅仅是针对华晨宇，而是所有的新生代。,3,0,0.9999241165904742,positive
2683536970,吟游诗人ssyyyc,陈奕迅好铁，每年都在,1,0,0.8446988665530609,positive
2130191386,savagezy,从每首都会唱，到能跟着唱下来不到10首了[嫌弃][嫌弃],1,1,0.9872192210050292,positive
2122043175,账号已注销,卢本伟白展堂药。水哥洪世贤神楽mea,1,0,0.8475153641284524,positive
2105266453,机智的适欲,这基本已经是迅猛式下降了,1,1,0.6708282786745674,neutral
3772782873,模糊的蘑菇酱,这喜欢老歌手，喜欢经典的优越感，都溢出来啦。你们可真流皮,1,0,0.9888948125320827,positive
2343480037,我永远喜欢本庄鈴,"说句实话,相比华晨宇,我宁愿选择掏粪男孩的歌(=・ω・=)",2,1,0.8098731245461835,positive
99158211840,林家安歌,林俊杰每年至少两首[打call],0,0,0.7394091081910651,positive
97594555680,我大哥给我办的,确认完毕，从这一年开始我渐渐远离华语音乐了，虽然人大部分还是那些熟悉的人，但盲区的开始占据大部分了,0,0,0.8313673660807602,positive
97459905552,聽I这一季雨落,[嗑瓜子][吃瓜][doge],0,0,0.11613529292361291,negative
95176979216,该玩家已经成仙,吴签这个人已经被封杀，全网下架所有作品，你这个有危险啊，举报的话就寄了,0,0,0.1077945397808997,negative
94992808928,转运RNA被吴青峰回复过,封面不错，喜欢这首合唱的光年之外,0,0,0.9705182034470919,positive
93890736320,丨灬秦朝灬丨,TF里就易烊千玺还可以，其他两个被资本带偏了,0,1,0.9440158749713244,positive
5777597095,awwwve,有的人只是看人罢了，不喜欢/不出名=烂歌，还张口闭口华语乐坛死了，小众的好歌又不想听，有的甚至吹周杰伦都吹不明白，告白气球一堆吹上天还说是那一年的神曲。这两年其实并不缺乏好歌，不过都不火，没人听，怪不得华语乐坛没落了,0,1,1.0356527191501819e-05,negative
5661961392,热度3min,庄心妍人怎么不火呢[笑哭],0,0,0.8974321493746993,positive
5441420340,苏打soda__,真的特别喜欢苏打绿的冬专，特别是《他举起右手点名》[热词系列_吹爆],0,0,0.9722192735523439,positive
5292732397,回到05年的特兰克斯,15年孙燕姿回来了,0,0,0.29448712430621093,negative
5165489352,落叶不随风iii,神仙打架,0,0,0.8780844279994073,positive
5019564050,权利和义务,华晨宇的歌都听过，烟火里的尘埃词曲都不错，但是有点炫技了。有影响力的作品太少了，但是对比其他流量还是有些实力的。引起我最大反感的华语乐坛新生代领军人物的标签，对比一下三巨头华晨宇不但才华比不过，出道还晚，年龄还差不多……那这个领军人物指的是流量吗？,0,2,0.9999949859914515,positive
4926773216,若安息,哈哈哈 为什么15年我会想到 朱主爱的（好想你）会上榜,0,0,0.7428494317974915,positive
4905139845,一二三八9,汪苏泷的一笑倾城呀,0,0,0.9957576819388693,positive
4859818845,野生-大胖墩,喜欢李荣浩,0,0,0.9857319088484416,positive
4832119358,byym,吴亦凡最好听的一首,0,0,0.8363465244089261,positive
4456944909,-庐州月lzy,从up主93年歌曲视频里一路看过来的，周董的歌曲传唱度无敌，但林俊杰是真的强，每年都能有好歌,0,0,0.9998894363803562,positive
4454845797,-未止-,至少tf的歌在流量里还算是首歌,0,0,0.8047401938184258,positive
4334978562,峰の翼,"说真的我觉得15年可以加上一首歌  骄傲的少年
那时候大学饭堂经常放",0,0,0.9999468802554801,positive
4169749233,捣浆糊之王,前方核能！,0,0,0.6774921075767265,neutral
4111011376,我明天一定三连,感谢林俊杰年年带来的惊喜,0,0,0.9766274530306603,positive
4072949314,霁遊,2015常听123457815161719202328303132343640414244啊啊啊我的天怎么好像过去好多年了[吃瓜]好多首都是我的爱[大哭],0,0,0.8622907344436157,positive
4049868213,_Lions,林俊杰yyds!,0,0,0.6903050414223921,neutral
3576067687,小青年的湘爱黔,再见呢,0,0,0.6875000000000002,neutral
3540817336,ATLD_V_N_六零,不喜欢听=捂耳朵=打压新声代，呃……你说是那就是吧,0,1,0.039779856614074016,negative
3440465391,穷逼甲虫人,陈奕迅2015的无条件真的神曲,0,0,0.8826485495192732,positive
3351735992,Aidanst,第一次听到花花的国王与乞丐 觉得很好听诶,0,0,0.703838337012486,positive
3297242231,研一研一大研一,回光返照？？,0,0,0.6022317539842609,neutral
3255641169,梦游InSeptember,某些pxj素质好低啊,0,0,0.3099498502800224,neutral
3240596480,抹茶香,弹幕戾气好重啊[无语],0,0,0.2715817101129401,negative
3239173521,蛮书生,2015的好多2000年前后的歌手。。。,0,0,0.8140588537066816,positive
3163631361,玲珑塔塔塔玲珑,五环呢？,0,0,0.7017737027333184,positive
3141434133,星鲲23,还有张韶涵的还记得吗这首歌,0,0,0.8766871691696441,positive
3046977388,阿尔托の冒险,15年华晨宇异类那张专辑风格真的多,0,0,0.9736927924390345,positive
2985955604,晨阳从零开始,还是要看看歌手,0,0,0.7499999999999999,positive
2970043221,samurai麒时,戴荃的悟空没有姓名，有点儿可惜,0,0,0.23060689272507906,negative
2969248070,Sunset_XD,我在想15年五月天我会选勇敢 只是这首非常小众啊  还真是勇敢！,0,0,0.9923077859475071,positive
2957355765,NMSI_WSND,为什么我一直听不到六哲的歌..,0,0,0.4684047762073459,neutral
2935578526,-记忆的永恒-,说一直是老歌手，其实才多少年。,0,0,0.539379386144495,neutral
2934165015,資深路人,"開局嚇死我了!!尼馬我戴著耳機啊!!!

正題:能打的依舊是那群老歌手，不過個人還是挺欣賞汪蘇瀧的，其實吳亦凡的大碗寬麵我也覺得不錯[笑]",0,0,0.1315563623556113,negative
2845118393,莉莉安的荒野石楠,林俊杰每年都在[跪了],0,0,0.7113773825589398,positive
2663656501,鄙人老达,15年的蜀绣也很好听,0,0,0.30965311931521033,neutral
2535371068,热爱改变人生,林俊杰的歌传唱度依然很广,0,0,0.950990669027419,positive
2484135183,坏坏生生,八分之一,0,0,0.5,neutral
2472792230,常木想要1米8,第一首歌名打错了吧，明明是只有我能唱的歌[滑稽][滑稽],0,0,0.9238518347370265,positive
2470774307,泳池派对丶格雷福斯,从差不多1314年左右开始混入些奇怪的东西，越到后面比例越大，看来点击量和传唱度是真的可以打败质量,0,1,0.39514715558342417,neutral
2468680595,无聊的孤独患者,神仙还是在打架，旁边有一群弱鸡在抢戏,0,0,0.9772043948496396,positive
2463016157,rainy-wandering,自从绅士我开始对薛之谦完全转路了。你多少也算声名远播的歌手了，咋这么烂的歌也接？有点原则也好啊，凭头铁强做无米之炊？,0,0,0.998906018790447,positive
2459352178,十布鲜衣,清风徐来，我真的循环了很多遍,0,0,0.6384019022629392,neutral
2426622464,花間提壶,华语乐坛姓什么不用我多说了吧,0,0,0.05016571995093899,negative
2402507709,998Gamer,质量已经有差距了，每年还是有好歌的，就是比之前要少了，而且会有快餐哥,0,0,0.5320371386341292,neutral
2400202236,兔子耳朵耷下来,这个时代的经典歌曲已经开始与影视主题曲高度重合，实体唱片行业萎靡不振。,0,0,0.39573368510871954,neutral
2383066379,山与七生,表白08042,0,0,0.26690094383344753,negative
2377309894,Duo喝白开水,有一说一 51哥哥的颜我必吃,0,0,0.995645276327095,positive
2362486411,春风吹又生q,炸了,0,0,0.5454545454545455,neutral
2360083895,旖骆,表白华晨宇,0,0,0.240218523683985,negative
2353299928,why秒,下滑的太严重了？ 你是不是看大家都说05040607年是巅峰后面陨落才说这话的？弹幕咋那么讨人骂,0,0,0.40575292368298554,neutral
2346985047,大梦零星Nano,妈的还我广场舞！,0,0,0.9159119597097695,positive
2292387376,品神他二叔,我还是喜欢听你曾是少年,0,0,0.997236266481938,positive
2270188300,人贵在自知之明,其实这一年的歌都不错的～最后tfboys那里满屏问号我也想笑  但也的确是零零后偶像男团的时代,0,0,0.9971079574563443,positive
2255465915,封火幻云,应该是两极分化越来越严重,0,0,0.5369716687840782,neutral
2248742330,coush111,和肌肉车，漫威电影感觉一样的，套路感太严重了，审美疲劳了都。,0,0,0.9909305613721927,positive
2244031663,飞来飞去2,为什么会没有野子,0,0,0.9078746118570039,positive
2241137198,端粒粒粒,这年不行啊。。。,0,0,0.24748926779888936,negative
2221971104,超帅气的秋夜,杰伦摸了,0,0,0.6622049282355452,neutral
2216555453,走水公子,其实华晨宇真的很厉害,0,0,0.4670074159941495,neutral
2215131569,ayateru是真的,歌上升到人就没意思了，好好听歌不好吗？那些弹幕还呕，你们才是真正让人恶心的,0,2,0.21804075931731814,negative
2203767961,额丶有啥子你都莫说,事实证明，能打的还是那群人,0,0,0.8279560732816353,positive
2198553512,北北惫呗,弹幕设置高等级就可以屏蔽不少了,0,0,0.7700662120756709,positive
2188362463,白恩士,都是来听歌的，论歌不论人,0,0,0.9131043541279757,positive
2186475804,伐檀_,都忘了进站做的那套题了?,0,0,0.8230935606878323,positive
2185460103,超级真新人-傻东西,我发现一个问题，华语乐坛15年后走入低谷的原因有二，一是随着互联网和通讯技术的发展，流量新生开始崛起，所谓的歌手和组合如同雨后春笋，但数量多了就会出现质量的问题，随之换来的是歌曲创作深度和传唱度的下降。二是受众群体结构的变化，随着社会的变迁尤其是生活节奏的加快，许多人顶着生活压力想要释放的时候，那些听着很炸裂热血的歌曲就会成为发泄的工具，再加上娱乐圈对歌手的包装，使很多人开始喜欢歌手的人甚过喜欢他们的歌曲，换句话说即使他们的歌曲唱的再烂再没有节奏，只要他们长得帅有流量就够了。而这两个原因也是互为因果，流量时代的发展改变了受众群体的结构，受众群体诞生的粉丝经济又推动了流量的发展，但这对于华语乐坛来说，绝不是一件值得的事情，而是“诸神的黄昏”。,0,0,1.0,positive
2184369287,bili_150483223,求个网易云,0,0,0.6181765400214935,neutral
2177346283,久魂つ,资本入场以后什么歌手想红，歌想传唱度高都太难了。感觉老一辈到现在还能传唱高一是本身素质硬，二是自身人脉资本都累积够了粉丝基数也大。当年有多少歌都是当时出来不火，过了好几年了突然就在网上火了[无语],0,0,0.9990368314106205,positive
2176198095,一几之人,想我本兮时代,0,0,0.8197545437289369,positive
2175636273,铃儿好可爱,隔墙花无人欣赏挺遗憾的,0,0,0.6490205827876981,neutral
2172146659,波博啵玻,我感觉其实华语乐坛每年都有好歌，而且并不比以前少，而是口水歌太多，到时刷屏，加上抖音快手这种软件平台的兴起粉丝无脑打榜，导致一些歌都被淹没了，导致现在评论区音乐家拿传唱度来说事，真就没听过，不知道＝华语乐坛沦落了。有时看弹幕真的烦，天天？？？？天天爬爬爬 以自己为中心的憨批,0,0,0.0015725708755292,negative
2172131434,波博啵玻,"没听过 不知道＝歌不行 华语乐坛沦落了
谁谁谁唱歌一个调
谁谁谁写词一个感觉
这首口水歌那首没营养
看人听歌？听歌看人？
评论区音乐点评家属实给力哦",0,0,0.22489453452378472,negative
2171671360,闲逸斋主人-剑暝,贝加尔湖畔  没有收录啊,0,0,0.42179339431661,neutral
2169990317,来过我生命的你,易燃易爆炸我第一次听，感觉和杨培安唱的黄河长江怎么这么像？,0,0,0.9740604351620048,positive
2166467877,华氏羊腿冰淇淋,"找了好久为了找到封面,,,结果果然没有",0,0,0.5892475321198832,neutral
2165178494,UnkindiedWitcher,你们发现没有，这几年开始港台歌手的MV字幕简体字多了起来[无语],0,0,0.460629429717211,neutral
2161989289,无尽邪影,可能不是歌少了，只是听得少了吧，可能每个人最好的记忆都是在年少吧,0,0,0.9679534783778614,positive
2161946552,诺i你看,老林的关键词，好像是今年解禁绿钻能听后，qq音乐直接霸榜╮(￣▽￣)╭，好几首歌都在榜的样子~,0,0,0.828084920517213,positive
2160026627,歪s歪,怎么说呢？并不是歌不好，而是好歌被流量文化所淹没了。好歌每年都有，但大部分都是老牌歌手。,0,0,0.9657499766547432,positive
2159550490,那菈荧和白飞飞,唉，庄心妍其实有不少歌都蛮好听的，可惜怎么都不火,0,0,0.6808466254447375,neutral
2157591930,叶阳阳阳阳,[偷笑],0,0,0.5,neutral
2157340344,诗怀雅才不是近卫呢,真就B站俩大板块，一个音乐，弹幕各种zz,0,0,0.7635803014434823,positive
2155620576,叁块给你买麻吉,第一次清风徐来的情景还历历在目，清晨6点，快下班了，单曲循环，根本听不腻[惊喜]     时间过得太快了，能有4年了！？,0,0,0.9671727035732295,positive
2154644360,酉宫,为宗纬鸽王献上硬币！,0,0,0.6453613966895728,neutral
2154334951,寒雪凌丶,从零几年到现在还是那些人哈哈，我的青春还没有完结[大哭],0,0,0.9933589126479924,positive
2149608083,沐沐嘻娱乐,许嵩牛逼,0,0,0.7769248989881904,positive
2147015431,最坑的沧音QA,你币没了,0,0,0.3302485663264493,neutral
2139896377,bili_24092526343,带上耳机调大音量我们一起颤抖吧av77234824,0,0,0.16170386988949004,negative
2139011774,面团不是面条,电充满了,0,0,0.663186870616943,neutral
2137196171,抬杠运动冠军,神仙打架还是这群神仙啊[捂脸],0,0,0.3678338882040596,neutral
2129893450,王者荣燿萧煞,花花！！！！,0,0,0.4458369762577955,neutral
2129503174,末路见真知,没有九张机,0,0,0.4037510139225674,neutral
2128269675,Tribalus,华晨宇歌真的不错，就是这个造型.....实在不能接受,0,1,0.8498535740591419,positive
2126906528,新兰佐樱一生推,我老林还在坚挺，不为谁而作的歌可以说是寓意深刻了,0,0,0.9672290064429176,positive
2124512618,枝江娱乐的小驼,我电满了,0,0,0.32968035975452237,neutral
2124219958,99岁的婴儿,那些挂羊头卖狗肉的流量“歌手”的垃圾就没必要放上来了吧！吴亦凡这些人根本就不配上来！,0,1,0.012106094401971745,negative
2123872564,第一次眺望远方,这是歌曲排行还是歌手排行？听歌还是听人？一直喷喷喷，喷你吗,0,0,0.5095109290769302,neutral
2122352357,棉花糖娃娃,解解,0,0,0.5,neutral
2121363198,宝兰妮子,一首歌二十年后还有人知道就是经典，现在的歌以后也会是下一辈的经典,0,0,0.9922460094101317,positive
2120329949,神郭嘉SSG,"有的歌根本不好听行吗,不要刷歌手",0,0,0.2625301190078124,negative
2119201645,皇家捉鸡师,洛天依言和她们，不算是华语乐坛的人吗？为什么没有收录,0,0,0.2333910137786378,negative
2118100220,破站小骏,原来本兮15年还在   突然感觉世事无常,0,0,0.9536410960159031,positive
2116287386,刘奶奶的奶牛流奶吗,UP真的很体贴，知道我们看到最后手机都会没电[妙啊][妙啊],0,0,0.9625768576961342,positive
2112339391,空無題,默很棒啊，不能因为那英是非多…,0,0,0.8708303643499686,positive
2111301848,数字与A,哎呦我去⊙∀⊙！,0,0,0.22166142978516123,negative
2111121460,热带雨林背面是荒漠,为汪苏泷打call 登陆计划专辑太喜欢了！得不到的温柔，银河,0,1,0.5314393132444762,neutral
2110289875,迷之鉴而纯无华的异游,2015自认为旋律最好华语的是 你是我的星球 ，不知道当时大家为什么没把这首歌带火。。。,0,0,0.9178741287627212,positive
2109482779,旧影3,大不为,0,0,0.3747613380355812,neutral
2109447115,Mosort,有电鳗没有小鹿？,0,0,0.47629798174899574,neutral
2109139585,问君此去几时还i,差评，连周杰伦都没有，都是是菜鸡互啄,0,1,0.015223313702810604,negative
2108307298,鬼怪clist,那英是sha人fang火了还是黄晓明出轨吸毒了？讨厌也就算了还有人说晦气？这个词是正常人能说出来的？,0,0,0.16727772549664366,negative
2108118016,花樽丶与花,HUAWEI,0,0,0.5,neutral
2107921547,风鸣雨声,怎么说呢，火的还是那些人，新人出头的越来越少了[无语],0,0,0.0538721290742975,negative
2107837504,猫猫猫猫猫猫猫猫灬,我一看到 为你不顾一切，抛下薛之谦就被逗笑了[蛆音娘_扶额],0,0,0.9963858715188982,positive
2107636801,御坂3218号,等16年的,0,0,0.30199246042357364,neutral
2107282350,账号已注销,强推up在2016选择某TF的《未来的进击》(storm in lover)[打call],0,0,0.87175080569076,positive
2107269104,账号已注销,她来了她来了，她带着2016的鸡你太美来了[滑稽],0,0,0.881473970665759,positive
2106728937,毛-线毛,质量挺高的！,0,0,0.8136796198066563,positive
2106694384,好丽友仁,标题跟13年重复了,0,0,0.24376486711797363,negative
2106688078,览世键客,等一个鸡你太美,0,0,0.8247780525625374,positive
2106298870,屿纱恋卿,听来听去还是老歌手的歌好听,0,0,0.8455995205364812,positive
2106128457,此人姓赵名日天,除了港台歌手的歌曲，剩下的很多都是影视ost,0,0,0.6587074224576352,neutral
2106089953,娘口杉杉杉,大概听过十首，好多歌都不认得，太久不听了,0,0,0.8672433125195076,positive
2105915223,御坂桜,看这个歌单，15年尚且还行虽然没有之前那么惊艳了,0,0,0.9351075072909257,positive
2105889835,专治不符,易燃易爆炸真的是我心中的神曲,0,0,0.8293563838765902,positive
2105743430,零龄主序,个人口味不一样吧，我就是什么歌火听什么，有些百听不厌，可能不粉歌手他们出的歌不是所有歌都喜欢[2233娘_卖萌],0,0,0.9895516210640662,positive
2105475959,BATU韩文清_v,9102年了，还有刷闰土的，素质呢？？？？？？（口吐芬芳#￥%……￥#&*%）,0,0,0.01541115484840383,negative
2105298448,SAIL517,就感觉老了，15后面的估计都没咋听过了,0,1,0.28358386912538014,negative
2105260966,卑微弱小咸某人,可以可以，没有一些妖魔鬼怪，很舒服,0,0,0.9646468811990974,positive
2105227729,笨猪不要哭,大哥我来啦,0,0,0.2500000000000001,negative
2105212477,啦啦啊咪咪,肉眼可见的好听的歌越来越少,0,0,0.3462312495042493,neutral
2105185263,抹茶菜,说句实话，现在国内那些乱七八糟的歌真的好多，都不知道在唱什么,0,2,0.428186721150437,neutral
2105176611,收收心吧z,为你不顾一切，抛弃薛之谦。ohohoh,0,0,0.9993539752416005,positive
2104993451,灬西昆仑灬,哇哇[打call][打call][打call],0,0,0.421874597530976,neutral
2104925909,猴哒干巴爹,15年的混进来一个逗b，其他的全是实力派歌手。,0,1,0.2456168967870841,negative
2104844359,田田lwt,过了十年了，出名的还是那几个人,0,0,0.8671952789637202,positive
2104446853,俺是胡流水儿,只有我觉得15年是接力的一年吗？,0,0,0.5912281614598769,neutral
2104422225,Dtddhd,某些弹幕素质越来越高了,0,1,0.7428783980042649,positive
2104416667,HyugaHinata-,望et们不要在别人的歌曲下面刷花花谢谢了,0,0,0.7777626918205964,positive
2104287581,万语安,花花(=・ω・=),0,0,0.7297953905324696,positive
2104182216,打拳只打农夫三拳,无条件真的超好听的呜呜呜,0,0,0.9282369809321751,positive
2104174053,kellykod,视频我看完了，手机电也满了,0,0,0.5566758935135444,neutral
2104116448,月胧间,不指名点姓，有些真的牛啤，而有些low到家了。对说的就是最后两首,0,2,0.0745176458667558,negative
2104061929,七点泪不晴,标题是不是用过了？？？？,0,0,0.046309269419166466,negative
2104048204,dream_静听,还差一期就 鸡你太美,0,0,0.5415242138231325,neutral
2104030234,七丶尤,我一直觉得up选的五月天的歌不是很好，有很多好听的有深度的都没选上过，这十几期,0,0,0.925345579848109,positive
2103965361,grchujn,年羹尧又来了[微笑],0,0,0.7205915248983981,positive
2103952158,柠檬乌龙酱,失语者这首歌我记得很清楚，当时和同学做完实验走在路上，校园里就放的这首歌，然后我们两个170+的女生就拿着手机趴在电线杆上去听歌识曲,0,0,0.9998350083536578,positive
2103935411,東方の妖夢,这么多年了还是这些人,0,0,0.5927933172943639,neutral
2103931704,站住那只熊,这么多年过去了，依然是那些人,0,0,0.6688344738376656,neutral
2103924327,抓抓熊爪手,人还是那些人，歌不再是那些歌[笑哭],0,0,0.9806337126558111,positive
2103918948,烛渊胤芜,"8，15,16,18",0,0,0.5,neutral
2103917569,油焖大笋,最后一首王炸[doge],0,0,0.8853612201978862,positive
2103909831,是张图图诶,怎么哪年都是神仙打架？有那么多吗？,0,1,0.9525534813627293,positive
2103904872,MR公爵大大,来了,0,0,0.5262327818078083,neutral
2103903073,芯如雨下,我听过16首[微笑],0,0,0.7022582769298936,positive
2103898931,沿途甜或酸,看到封面那个华晨宇完全没有看的想法了,0,1,0.8844270276726374,positive
2103897827,お菓子食べちゃダメ,开头和结尾都感觉不到是一个年代的[呆],0,0,0.9704689487981316,positive
2103884955,Bird_003,还有70天就过年了，给大家拜个早年,0,0,0.8320484034898799,positive
2103866516,夢沉抹大拉,话说up怎么没 霍尊的歌[妙啊]，是没发行什么的吗,0,0,0.4309934474393373,neutral
2103842459,54个工人,最近10年华语乐坛落寞了，偶尔两首都是老歌手面目，新歌手有两首都是中电音的毒，最可恶的是各种cover铺天盖地，是人是鬼都cover加点电音和现在所谓流行元素其实都是博取关注而已，赚快钱而已！！！,0,2,0.07697046859231693,negative
2103841792,小不懂Pit,其实有挺多好听的歌 up都没做 上次推荐的也没放进去。。。,0,1,0.07157223546598523,negative
2103816669,Elysia家的小千束,松鼠们都在等下一期，你们懂的[doge],0,0,0.8901240482768628,positive
2103806890,永公街街长,感觉一共45首歌很多没听过←_←，估计up找45首老歌出来，我顶多几首或者说都有可能听过！,0,0,0.12723021453662586,negative
2103800990,間宮愛花,大部分都是熟面孔,0,0,0.37705208870508367,neutral
2103794550,灬为了小小,[蛆音娘_睡觉觉],0,0,0.311668178256309,neutral
2103794162,啵啵小狗ww等总计28人,我裂开来,0,0,0.16666666666666674,negative
2103787878,乌云阻拦明月涌河湾,15年，在《冬未了》面前，所有华语专辑都显得弟弟，尽管我真的很TM喜欢《和自己对话》……,0,1,0.9140235014921845,positive
2103770508,EsprLattessoolng,啊2015为什么不选《蜉蝣》选《国王与乞丐》……,0,3,0.20127431176707844,negative
2103767571,精杠经第十八代传人,还是那一部分歌手，惊艳的也是那些人。,0,0,0.9741543313187958,positive
2103761173,萝莉及正义,还是靠那些人撑着的[笑哭],0,0,0.8460521616891563,positive
2103716797,别他么卷了,只有我自己能唱的歌,0,0,0.9164357916243512,positive
2103704493,东东冬-yu,花花,0,0,0.7499999999999999,positive
2103704013,jiak林,质量不错这一年,0,0,0.859001009912766,positive
2103697859,一束大橘猫,感触最深的一年 涉世未深的一年,0,0,0.9968489695652653,positive
2103638247,哏儿都Aatrox,就听过六首[呆],0,0,0.7639647244672158,positive
2103637296,虾滑少年,封面好评，为我大哥打call,0,0,0.21428543645219456,negative
2103631061,小新没有心-,最后一首，给我看愣了。。,0,0,0.4207777506368784,neutral
2103619920,今天又又长高了,大四的考研狗，，,0,0,0.9813079169446633,positive
2103602099,無需正常,烂尾楼。,0,0,0.09406132133291456,negative
2103599061,露台饭店,流量时代开始了,0,0,0.5851430667998477,neutral
2103598945,淡淡的想你z,本兮,0,0,0.5,neutral
2103586718,忘北TM,不得不说TFBOY火的几首歌传唱度都还不错，虽然弹幕好些人不待见他们【。】算是比现在好多歌上榜却听都没听过的好。,0,3,0.9610921918655765,positive
2103574181,旺仔ad钙奶片,你曾是少年，去年和今年两年备研都在听这个，只不过去年只复习了一周（这才有了今年二战…），听到这首歌有种不一样的感觉，二战一定上岸🙏🏻,0,0,0.9999994866767618,positive
2103569973,锤里锤里,3连支持,0,0,0.4915775317685872,neutral
2103551905,在窗外淋水,15年我伦没出歌吗？？忘了,0,1,0.07905519874915379,negative
2103546765,闹个波比,滴滴滴,0,0,0.2572064625410855,negative
2103544883,GoHome,高质量的歌还是少,0,0,0.7589620980052867,positive
2103539830,Kento0506,和以前是差太多了啊……,0,0,0.5292182993393081,neutral
2103523819,gamegw,菜鸡互啄,0,0,0.30841086298384335,neutral
2103522540,无情剑客痴情郎,我用了三分钟看完了,0,0,0.40557906652570264,neutral
2103502816,凸波鼠,就冲你曾是少年这币我给了[doge],0,0,0.9908010391093314,positive
2103494004,黑色的白化猫,我刚刚还在刷2014。。你就来了2015，老哥，稳啊！,0,0,0.4179013375033216,neutral
2103490577,夏先生爱你如猫,厉害的还是那些人,0,0,0.449388567817924,neutral
2103489890,JokorLi,可以做个QQ音乐的歌单吗[害羞],0,0,0.7423629289907508,positive
2103473738,下乡大队长,说实话，15年这些歌有一半多都没听过了,0,3,0.43420872047231795,neutral
2103456529,没有感情的瓢姐,先赞再看养成习惯,0,0,0.865186624768254,positive
2103450303,曼联队长-马奎尔,感觉今年质量还可以,0,0,0.5692284405690488,neutral
2103444898,流栏节,15年踏入社会这些个大部分都不认识没听过[微笑],0,0,0.910452127493016,positive
2103443072,给华哥跪下,文艺复兴好多电视剧主题曲,0,0,0.7135147676458693,positive
2103437163,上山会梨衣,[调皮],0,0,0.6666666666666666,neutral
2103430340,暗中观察爱云养猫,王炸压轴[doge],0,0,0.8118823743516854,positive
2103417651,花未期,一看这歌单，就知道我嵩这年没出专辑[嫌弃],0,0,0.21299489438747665,negative
2103410622,帕亚瑟奈克斯,tf和电鳗加入群聊(つд⊂),0,0,0.3955542057130714,neutral
2103401763,寂灭灬神之殇,？？？？？光速更新？？？？14年的才过去多久？,0,0,0.015994431518673746,negative
2103399899,你一句简单的问好,我只想说最后一首歌什么鬼[doge][doge][doge],0,0,0.7521847214807245,positive
2103396409,寺_言,我需要一个课代表,0,0,0.7723648294682718,positive
2103396371,紫白菜家的补给酱,第一,0,0,0.5503512880562061,neutral
2103388839,陶子睡不醒,哇8分钟前[微笑],0,0,0.6663008174181257,neutral
2103385130,伞都去哪儿,越来越不熟悉了,0,0,0.6708295670703935,neutral
2103380603,KOkoneKOhama,前排,0,0,0.5,neutral
2103378752,我需要保持清醒,专辑数量越来越少了[大哭],0,0,0.3753725231462187,neutral
2103372832,想再吃个虾球,我是第一个看的[喜欢],0,1,0.7668280006057836,positive
2103371208,风铃-铃,同求课代表,0,0,0.7689998628630069,positive
2103370222,子怀聿,课代表呢,0,0,0.7871280369552487,positive
2103369066,岁月静等风来,课代表咧,0,0,0.4542230809159158,neutral
2103363838,无趣至极ya,课代表 赶快的,0,0,0.8161314840471872,positive
2103361026,凌枫伴雪,[喜欢][喜欢][喜欢],0,0,0.8922622505867854,positive
2103360960,天选ones,真早,0,0,0.5268028076893488,neutral
2103359158,不会养鱼的海王,(五毛一条记得删除),0,0,0.26925209112405535,negative
2103358187,者也之乎者也,[喜欢][喜欢],0,0,0.8144806910518134,positive
2103357938,白色风车77,刚发的吗,0,0,0.5,neutral
2103357409,RockLi-c,沙发,0,0,0.5362318840579713,neutral
2103344976,LS若憶,第一！,0,0,0.5503512880562061,neutral
138102192928,彪哥你真帅,演员让老薛熬出头了,0,0,0.9825712128735777,positive
136736273856,布法罗鸡翅,单论热度，2015年居然没《五环之歌》？不比你做的这个年榜三分之二的歌火？,0,0,0.35960778057090326,neutral
124045415264,開心就好a,2014和2015梁博发了两张专辑，一首歌都没有？是不是对梁博有意见啊！,0,0,0.4460423218628591,neutral
119729898048,o沙瀑送葬o,13/45。比14年好一丝[辣眼睛],0,0,0.5499253166254939,neutral
119728141792,o沙瀑送葬o,为什么没有假如爱有天意-李建,0,0,0.3714143678187771,neutral
119303970496,宇航黑洞,确实，这一年盲区变多了…,0,0,0.6665023268076018,neutral
116486286128,LoveR6forever,音乐仿佛能让人穿越时空，听……到这些歌曲我就会想起15年懵懵懂懂情窦初开的时候,0,0,0.9997726287710405,positive
114456728608,绿萝uu,华晨宇自己写的歌还是不错的，不过我不喜欢他翻唱的那些,0,0,0.9789568881286774,positive
114130956448,番薯nei,只能说华晨宇，邓紫棋就是我的青春。,0,0,0.9424393337085254,positive
112490205696,名城湖背柴人,为什么都骂tfboys？感觉他们还不错啊[藏狐],0,3,0.9918658645561802,positive
112227713216,飞飞飞飞菲菲非肥肺,开始慢慢的没听过的歌越来越多了，好多基本都没听过。居然能上年度热板。,0,0,0.6053787989847964,neutral
109954539360,落叶终究会归根_,林俊杰指路:00:00不为谁而作的歌 13:43关键词,0,0,0.9139699404139376,positive
105861821088,来杯珍西米,15年的何以笙箫默里也有几首爆火的歌啊,0,0,0.9384233078305511,positive
104586025216,Yosu油酥,怪不得周董没发歌 被夏洛抢了,0,0,0.22158398915601862,negative
101069238992,恋叶挽风,其实从21年倒着听 往前越来越好了,0,0,0.5549383600181665,neutral
100339887344,唯爱紫霞呀,"大家好，我花了点时间把up主这个系列的绝大部分歌曲都给收藏到了一个歌单，方便大家可以集中的收听，由于一些版权原因所以有些不是原唱，抱歉。还有部分搜不到。喜欢的可以收藏哦
分享lizhengde创建的歌单「特别经典的老歌」: https://y.music.163.com/m/playlist?id=7263790177&userid=416254517&creatorId=416254517 (来自@网易云音乐)",0,0,0.9999936456991391,positive
100325447056,wosjxbhzjqlw,这样看其实这年还行,0,1,0.4253340024059873,neutral
