rpid,name,content,like,rcount,sentiment_score,analysis_result,bertlabel
2081968833,朕醉千古,我发现一个很悲伤的问题，扛把子基本都是这几个人。,1170,57,0.9230663689753182,positive,positive
2082952052,苏打水16,能打的都是众人皆知的,19,0,0.4988774287087438,neutral,neutral
2082973813,朕醉千古,回复 @苏打水16 :是,0,0,0.5917594439700113,neutral,neutral
2084610899,啦啦啊咪咪,现在没几个能扛起来大旗,8,0,0.1115932657597222,negative,neutral
2086104314,禹霂荀espion,歌手本來就這麼幾個人呀,6,0,0.9526279019465956,positive,positive
2086335752,朕醉千古,回复 @涓滴意念汇成河i :现在的环境时候口水歌,0,0,0.5292282751223767,neutral,neutral
2087517693,Meilifive,回复 @存在证明的自动人偶 :认真的？？你听过他的歌吗 国王的乞丐 烟火里的尘埃都很不错啊,2,0,0.9522348267464888,positive,positive
2094570978,_徐才魁,当年杰伦一年一个专辑，年年必上榜,20,0,0.5901038469691694,neutral,positive
2095430212,狮子海a,时代不同，2012欧美那边杀疯了[滑稽]我那年听的比伯的歌。,109,0,0.9960831505186164,positive,positive
2099776818,周泽楷的老婆三木,回复 @狮子海a :哈哈哈对头。,5,0,0.9523728621946242,positive,positive
2107924859,null199,回复 @涓滴意念汇成河i :给梁博提个名，最近在听他的歌,2,0,0.9140606517323564,positive,neutral
2127452730,似乎达成共识-_-,回复 @涓滴意念汇成河i :可惜华晨宇周深传唱度不高啊,0,0,0.4045261210283253,neutral,negative
2141386932,双胎奶爸陈小河,回复 @Skmint :呵呵二字,4,0,0.1793012648989468,negative,negative
2143333864,双胎奶爸陈小河,回复 @Skmint :兄弟看看09，08年的歌坛，08年是巅峰吧，华晨宇是庆幸晚生10年吧，,6,0,0.4527575238229102,neutral,negative
2154854130,芯如雨下,回复 @天降双子星 :巅峰难道不是04--06年嘛,0,0,0.0371417174719228,negative,neutral
2159105830,蓝灵虾米,"不是歌手少了，是会写歌的人少了。
中国太缺好的作曲家了，会写歌的还是小时候的那批歌手大佬。
新生代出来的太少了",6,0,0.9711270355387676,positive,neutral
2161593988,Rzoom,回复 @我爱吃猪心 :华晨宇的传唱度不高不是因为根本唱不了嘛[笑哭][笑哭],3,0,0.9761042973858024,positive,neutral
2175190307,沉默寡言雨宫莲,回复 @Rzoom :真实,0,0,0.3227799749770386,neutral,positive
2191337447,多动症儿童臭臭,回复 @涓滴意念汇成河i :哈哈哈哈[笑哭],0,0,0.9600098074584834,positive,positive
2199996761,粤语十级的迪迪,回复 @null199 :梁博确实nb,1,0,0.2806496670455768,negative,positive
2240983057,1358662573,回复 @Skmint :早生10年，难!那时候实力派歌手很多的。,0,0,0.2430675978007118,negative,negative
2248603984,DirtyOrchestra,回复 @Skmint :早生十年，他就被巨佬们淹没了,7,0,0.1177958242296998,negative,positive
2264096281,口吃的lo希,提名毛不易,0,0,0.7039302699086982,positive,neutral
2493875380,扫射的哈罗德,回复 @狮子海a :抗韩奇侠马老五,0,0,0.8625007415331893,positive,positive
2679482450,我的小小豆豆,回复 @未闻花名的草 :除了尘埃，还有哪个……,0,0,0.7145274708924116,positive,neutral
2692193838,Meilifive,回复 @我的小小豆豆 :国王的乞丐呀 除了这两个我听过[捂脸] 因为我很少听华语歌 然后就听过这两个都很不错 感觉爆发力很强,0,0,0.8639735993776121,positive,positive
2763404617,丶迷茫的人生,回复 @Skmint :怎么说呢，华晨宇早生十年，和周董他们PK？估计更没戏，吴克羣还有王力宏没看到？,0,0,0.3589473275468067,neutral,neutral
2763427117,丶迷茫的人生,回复 @Skmint :最起码现在有实力的歌手就那三四个，华晨宇也在内，往前十年，可能就和好多昙花一现的歌手一样，出首歌，冒个泡估计就没音信了。。。,2,0,0.2112966985712021,negative,positive
2763482216,丶迷茫的人生,回复 @Skmint :在这个时代华晨宇的歌都不能被大多数人接受（虽然他真的很有实力），提前十年，被接受的可能那就更小了。在这个实力歌手凋零的年代，他不能独占鳌头，去了那个群英荟萃的年代，他如何在天王巨星的挤压下风生水起？,1,0,0.9964051958810568,positive,negative
2828294892,樱沫蓝草,我那年听泰勒的歌,0,0,0.9504927715224052,positive,negative
2828310995,朕醉千古,回复 @樱沫蓝草 :up标题是华语乐坛，所以我们不讨论外国,0,0,0.8975289256488507,positive,positive
2911742158,peacedongi,回复 @狮子海a :我那时候超喜欢艾薇儿,0,0,0.990207759369032,positive,neutral
2930429181,妩媚老中医,回复 @几逢晚 :毛不易,0,0,0.5008682344629914,neutral,positive
3203931637,wh小生,回复 @Skmint :华晨宇都三十多了……出道多少年了就一首烟火里的尘埃出圈还是翻唱,0,0,0.8870762119994186,positive,positive
3230298325,Skmint,回复 @wh小生 :过了一年，，，其实我自己的一些观点则有了少许变化，，，[无语],0,0,0.352460286195148,neutral,positive
3433605598,元气小超人的哥哥,其实10年以后好多年轻听众都被韩流或者欧美吸走了，10年之后我听的全是韩团歌，这几年才慢慢开始听华语歌,0,0,0.9974312251275432,positive,negative
3812989738,讴歌汽车,回复 @Skmint :老铁，人会成长的，观点也会变化的，hcy是有实力但是没高到那个程度,0,0,0.9930920681377444,positive,negative
3828533566,Skmint,回复 @小米智能成人玩具 :粉丝招黑啊，再好的东西吹多了也会反感，哎,0,0,0.341701957056741,neutral,neutral
3843287184,BMOLK,回复 @几逢晚 :毛不易？,0,0,0.5008682344629914,neutral,positive
3916321178,牛肉面片子,回复 @几逢晚 :华晨宇？别说了，羊癫疯一样，欣赏不了,1,0,0.7930023929139454,positive,positive
4010159257,TWINKLElNG,回复 @peacedongi :我也是啊！喜欢到了现在还是很喜欢,0,0,0.6264708748461072,neutral,positive
4164235614,考啥啥不行,回复 @奶油甜解结 :说真的，除了和宿涵合唱烟火里的尘埃和我管你、我的滑板鞋，其余真的get不到，有点跨时空回复了。,0,0,0.8372992413174738,positive,positive
4260737911,不鸽的SLS,回复 @几逢晚 :三巨头里的汪苏泷呢？,0,0,0.6883451055439033,neutral,neutral
4262662077,几逢晚,回复 @xz快给爷糊 :汪苏泷是89年的,0,0,0.2852109258994306,negative,positive
4399099054,两面三刀流丿へ,回复 @Skmint :他的唱法早十年可能连名号都难上。他那种永远一个曲风的玩家能上号都笑了，还早十年。,0,0,0.6252590357395071,neutral,positive
4399113612,两面三刀流丿へ,回复 @妩媚老中医 :毛不易要是那个年代火的了？想都别想看看薛之谦，就知道了。,0,0,0.9963621632943906,positive,positive
4492986968,呼呵哈啊哦,回复 @Skmint :他就靠流量的吧[笑哭]歌曲传唱连孩儿他妈高都没，换成非流量年代顶多二三线,1,0,0.2837499257338635,negative,positive
4732903699,再见夹边沟,回复 @蓝灵虾米 :有脸都可以写歌，不用心都能赚钱，谁还用心做歌？有张脸，有个人设，大把大把的流量，音乐人本来就赚不了多少钱，都是很苦的，看看现在都什么玩意,0,0,0.0103822500198045,negative,neutral
4732909824,再见夹边沟,回复 @呼呵哈啊哦 :我都能数，大把歌手超过他，我都不知道他能比得过谁？,0,0,0.6118077936805111,neutral,positive
5108257239,Eli莎白,陈奕迅,0,0,0.6695688322456746,neutral,positive
5175973773,无敌大麻神,回复 @狮子海a :怎么说呢 12年欧美和韩国的的确杀疯了[笑哭]，不过欧美的影响力太大了，一个比伯就够了,0,0,0.997258081868076,positive,positive
5175998582,无敌大麻神,回复 @狮子海a :还有就是水果姐，霉霉，韩国那边BIGBANG SJ 东方神起，鸟叔啥的[笑哭]，日本我没记错好像那时候开始有点衰落了，因为00-10黄金年代退出去的太多而且10-19尤其是10-13年新歌手太少了[笑哭],0,0,0.9882887276657564,positive,positive
5464037783,开衩的汹毛,回复 @芯如雨下 :我心中的华语巅峰1993～1994 2004～2005,0,0,0.5504209742539992,neutral,neutral
95155969632,A雪之吻,回复 @妳为什么这么熟练 :必须的,0,0,0.4661483129904865,neutral,negative
102414995408,__橘子洲头__,回复 @Skmint :全靠刷榜(啥也不是)，你可以搜一下各大音乐app的歌手歌曲播放量和年度歌手，就会发现还是邓紫棋hcy周杰伦林俊杰等等这几个人，大众的耳朵不会骗人,0,0,0.0082578155279431,negative,positive
109090084992,cjm537,回复 @春风十里吹动我的心 :邓紫棋华晨宇算个锤子,0,0,0.8702268940736219,positive,positive
114410484112,裴珠泫圈外的狗,回复 @狮子海a :刚好是国内开始萎靡的那几年欧美流行杀疯了,1,0,0.9781558596740264,positive,neutral
125933166896,Ccd收藏者,自信点 把基本去掉,0,0,0.9013209288778768,positive,neutral
2081926933,襂隰,"1.淋雨一直走 
2.大艺术家
3.花又开好了
4.偶阵雨
5.明明就
6.爱的魔法
7.在一起
8.有点甜
9.愿得一人心
10.忘记拥抱
11.傻子
12.不具名的悲伤
13.泡沫
14.完
15.幼稚完
16.幻听
17.爱很美
18.最亲爱的你
19.爱你
20.幸福了然后呢
21.我知道你都知道
22.一个人不可能
23.红尘客栈
24.有形的翅膀
25.爱久见人心
26.匿名的安慰
27.寂寞来了怎么办
28.迷幻
29.裂痕
30.24个比利
31.逆战
32.十二生肖
33.再不疯狂我们就老了
34.想幸福的人
35.回忆的阁楼
36.燃点
37.旅客
38.世外桃源
39.一吻天荒
40.风度
41.心疼你的过去
42.无颜女
43.情花
44.我的歌声里
45.时间都去哪儿了
来晚了！",592,18,0.9999999996863114,positive,negative
2085823865,StarDevilSD,我笑了，竟然还有人吐槽大艺术家的质量，那些人是不是只听慢歌啊。。,303,14,0.8247717244601206,positive,negative
2098070203,Classicflaour,可能那些人被现在的流量明星吓坏了，见到舞曲就吐槽,0,0,0.2392146796087112,negative,positive
2107207665,沉流古巷,给大艺术家点赞。真的看到mv时候真不敢相信是7年前的，这个质量太能打了。,29,0,0.8827979286729107,positive,positive
2122869491,bili_432133220,国内大部分以慢歌为主，快歌只是少数,0,0,0.94907885596124,positive,negative
2132729324,乐颜柒,这张muse专辑神专啊,6,0,0.4228229562842163,neutral,positive
2160167480,沐粿子,我真是想笑到不行，可能是慢情歌听多了，以为世界只有这一种音乐风格，金曲奖最佳歌曲不需要没有耳朵的人欣赏,15,0,0.9972097660926412,positive,positive
2203938569,50253047293_bili,其实今年的UB也是神专啊。不是如今没有好歌，是没人关注没人听了。,0,0,0.98987506790393,positive,neutral
2323074464,两生梦花开,也是不懂，一天到晚吐槽自家舞曲怎么怎么奇怪，到外国就是人家本来就该这样，自己家的不捧着还非得踩两脚才开心，可是能接下唱跳的下一位扛把子在哪？,7,0,0.0170608629764174,negative,neutral
2477274211,是圆柚会也是园游会,我看了2019的歌曲我才觉得2012全是大神，我看了2001的歌曲发现2012不咋地,1,0,0.9292005670374092,positive,neutral
2965335786,为为的小阿为,回复 @熊源治和鞠多摩雄 :你懂个什么。,1,0,0.3544231388302994,neutral,neutral
2965433361,是圆柚会也是园游会,@为为的小阿为 我还真懂，你不懂行了吧？来这儿给我装逼还嫩点儿！说不过就拉黑，弟弟行为,0,0,0.0780987792506141,negative,positive
96400195712,Juergen-东东,华语乐坛就是太多人只听慢歌，导致华语乐坛落后欧美乐坛几十年,0,0,0.5536687948088113,neutral,positive
115399987248,carefreepig,回复 @Juergen-东东 :何为落后？音乐形式竟分高下？,0,0,0.0543943461372423,negative,neutral
118367939600,Juergen-东东,回复 @carefreepig :华语乐坛本来就落后，敢不敢试试唱跳,0,0,0.0295367165423127,negative,negative
118368065776,Juergen-东东,回复 @carefreepig :欧美天后们基本能唱能跳能创作，华语有几个能比？,0,0,0.8597909224160333,positive,positive
2081915204,烛渊胤芜,我发现了，这几年不上热搜的歌基本都没听过，还是以前的好，质量一般的也多少听过。,330,11,0.5411008741277328,neutral,positive
2082011135,海强SeaStrong,即将断更 大家请做好准备(=・ω・=),145,6,0.7538450164584692,positive,neutral
2081919360,诡诛砂,2012一下陌生了，果然上了大学就不听歌了[喜极而泣],118,12,0.8894276506896515,positive,positive
2081986304,Kaitto_,90年代有90年代的扛把子，00年代有00年代的扛把子，而在10年代诞生的实力派歌手寥寥无几，还是靠前两个年代的扛把子来撑门面。,185,12,0.0380006281917605,negative,negative
2083506683,不想长大的SHERO,那时候初二，基本只听许嵩汪苏泷徐良他们，视频里除了三巨头本兮 周董张韶涵SHE 其他几乎都miss,100,4,0.9931536063431656,positive,positive
2081894869,clooock,看到许嵩就来了[doge],92,0,0.6074419125635994,neutral,negative
2081921644,这个时代最帅的人,知道了，2012就彻底玩完了,88,5,0.7640762094361124,positive,negative
2082109310,君度橙要加薄荷糖,这里盘点的是这一年的质量好歌 而非一定是你听过的 有些弹幕不要杠,70,3,0.9360778098215125,positive,neutral
2095922515,一个咕噜的嘟噜,我服了，别的不说，竟然有人吐槽《大艺术家》和《迷幻》的质量，这两首歌都是当时华语顶尖的电子乐，放到现在都是牛逼，你们自己品味门槛低欣赏不来那是你自己的问题，跟不上时代脚步就别说歌不行，我真是火大,80,4,0.9988308966661004,positive,neutral
2149458017,芯如雨下,20年来依旧是周杰伦 蔡依林 林俊杰 梁静茹 王力宏 张韶涵 陈奕迅 孙燕姿 五月天 she他们在支撑着华语乐坛,52,0,0.9584485995770804,positive,neutral
2089597778,璀璨星河丶丶,无意中收看了2006年视频，后来陆续用时近5小时看了历年的，一边看一边将所有歌曲加入歌单收藏，将近1000首了，太经典了，太喜欢了，好多都没听过，感谢up主[喜极而泣]，感觉发现了新大陆！在这里也造福大家！qq音乐，搜索用户114204676，想要歌单的自己去保存吧，一个没放下用了两个[偷笑]，（截止2013，里面还100来首好听英文歌曲，个别其他的我认为好的）再次敬礼[画风突变],40,0,0.9999811581640264,positive,positive
2081970016,Angelaのsky,表白韶涵！,47,0,0.2669009438334475,negative,negative
2082077302,荡荡y,嵩哥,34,0,0.5,neutral,neutral
2101638385,花茶和你,有些人说话有问题，很多都挺好听的，说的好像歌很不好一样，高雅不是装的，孙子才是，拉低的不是歌曲，是心里的偏见，曲调，歌手声音实力，歌词都达标，也没什么土不土洋不洋，就至少不是没实力的烂歌，有这么让你们这么浮夸去贬低？有的确实不太好，但也不至于大部分，而且，最讨厌说土什么的，更讨厌因为歌手来评价歌曲本身的，就像那英就算人品再差，她确实有几首不错的歌，up列出来了，你他么发个你币没了，发个爬，滚，呕，恶心。我他么感觉你才恶心，不喜欢滚蛋，当个孙子在你爷怀里撒娇去吧，一些弹幕属实没智商神经病，怕是没断奶呢。,34,9,0.0183750665823482,negative,positive
2088075690,杨先森xl,06看到12，看到都有许嵩上榜我就放心了😌,9,0,0.4033301548265414,neutral,positive
2086759302,月胧间,梦游计之后很多人脱粉了，但是我相信真爱粉一直都在！[爱心],21,2,0.9441930914308356,positive,positive
2086649404,狂锤の心,"他们一直都在发歌，然而1213年火的却是江南style小苹果之流。你让乐坛再健康发展根本不可能

互联网媒体一波接一波炒作所谓神曲，主播和喊麦大行其道，从日韩引进的素人偶像和练习生盛行。",21,4,0.8453057395215048,positive,neutral
2086394285,做人不能太肖战,推荐许嵩《老古董》   我不明白为什么他的粉丝欣赏不来这首歌 热度居然那么低  明明编曲质量高到爆   布鲁斯摇滚 而且最亮眼的是用古筝代替了电吉他   可是松鼠们居然听不懂(=_=)    第一次听会不习惯 多听几遍简直上头好吧,26,1,0.1714713279754859,negative,positive
2083861270,全昭旻kiyo,许嵩许嵩！！！！我就知道有他,29,0,0.416308454613028,neutral,positive
2082596618,Libran_,表白我涵,9,0,0.2669009438334475,negative,neutral
2082369267,2223344534678ill,汪苏泷的三国杀和桃花扇是哪年的？应该拥有姓名吧,9,3,0.9770735544934808,positive,neutral
2081944024,南山忆星辰,虽然2011年本兮的专辑《未成年》没进来，还好2012年专辑《情花》进来了，我还以为up把本兮忘了呢[蛆音娘_哭泣],21,1,0.8111792214739476,positive,positive
2082136930,西瓜甜不咯,好可惜，现在大多是口水歌，真正做音乐的人不多了。,21,5,0.9805934393220084,positive,positive
2082530021,心内科的诺欣妥,嵩鼠路过 封面不赖 投币了[微笑],7,0,0.9683600855579336,positive,positive
2085432913,机智的适欲,质量下滑是正常的，13年基本就触底了，然后14年流量时代开启，然后你们懂的,20,5,0.8940927153320851,positive,positive
2454837385,江之岛-盾子,“本”因有你，倍加珍“兮”,6,2,0.4867250662057544,neutral,neutral
2175017517,Oathbroken,曲婉婷我是永远黑她，她妈侵吞了多少下岗工人的血汗钱，逼得多少人全家跳楼喝药自杀，她倒好拿着这些浸着鲜血的钱在加拿大过着富二代的日子。她妈被抓，她也不想着救，就想让她妈早点死别影响她的生活，我呸她不忠不孝，我呕她不仁不义,19,0,0.9948652069336892,positive,positive
2163330006,超越之诺尔妮,零几年的歌都是90%以上听过，到12年只有一半听过了[蛆音娘_吃瓜群众],6,2,0.0822507386473576,negative,neutral
2120695338,行一止,见嵩进[吃瓜],6,0,0.1967653824699881,negative,positive
2086673391,狂锤の心,"日本乐坛在12-16年肥秋系女团大火都是一个衰落期

17年其实出现国内外的老一代歌手乐队集体发新专辑，这两年算是一个回暖向好。
只不过大陆底子差，港台平台又太小，华语乐坛回暖要慢一点。",19,0,0.9981022371898832,positive,positive
2086514651,迷人又可爱的大叔,对于嵩哥十年的老粉来说11苏格拉没有底和12年的梦游计真的是巅峰,19,3,0.7059478364658689,positive,neutral
2083442778,冬dong东dong,多好的up怎么就是不火呢，不像那些推音乐的一堆废话一个十几分钟的视频就几首歌，投币支持下[2233娘_耶],6,0,0.0858258562884839,negative,negative
2082230576,好名字都被占勒,"2012我还是个初中生。12月21号，中国的冬至日，老外喊着的世界末日，星期五，我和晚走的三四个同学留在教室里值日。一边打扫，一边嬉闹
。偌大的六层教学楼空荡荡的好像也就没什么人气，那天上海的天气有些阴冷，搭上残红的夕阳，有点暗搓搓的楼道还有一些阴森。除了用教室的电脑放着的素素，by2，JAY，GEM~和我们嘻嘻哈哈的笑声在楼里回荡。

打扫完背上包坐在课桌上调戏着那两个女同学，和兄弟讨论着周末回去LOL开黑上上分打打球，说着说着心头有一丝心酸。四年初中已过大半，能否再见全看缘分，当时大都没放在心上。出了学校在老地方点了五块钱方便面和五块钱紫菜下麻辣烫，打会儿扑克准备回家了，年纪不大西南来的小老板那几年总是热心的和我们讨论着校园的生活，相仿的年纪和学生时代的缺失可能是他能容忍我们在他店里白嫖几年的原因吧。。。三四年后我们难得再路过，老板已经不知搬往了何处，我们应该也没机会再能像以前那样恰恰喝喝了。本科生活也许也没多久也要结束了，有些人从那几年之后也再也没见过~

时间都去哪儿了[小电视_无语]",15,3,0.4919490541675703,neutral,positive
3793485959,如果张韶涵,张韶涵牛逼,5,0,0.4877009075319906,neutral,positive
3141425274,星鲲23,"其实12年张韶涵有形的翅膀 淋雨一直走 最近好吗 都很火，that girl qq音乐第一首收听破2亿的歌曲
梁静茹的爱久见人心也很棒",11,0,0.9883839869226436,positive,positive
2519238886,Fpx冲冲冲,那些说许嵩不行的，麻烦你去找找有多少歌上了大学语文课本。弟弟们,13,0,0.49018807365979,neutral,positive
2321111865,SelJol,有的人真是啥新风格都接受不了，最好是一动不动站着唱抒情歌他才最满意,5,0,0.792999945752105,positive,neutral
2123929644,遗忘冰封,泡沫并不是歌手才火的，至少我身边很多人在13年就听过了，这个歌是网上火起来的，不懂就瞎科普，邓紫棋倒是歌手才真正火的才对。,5,0,0.9525598389920136,positive,positive
2093300438,精神不振快die了,这一年韩流质量很高,5,1,0.7595300265131978,positive,neutral
2081999670,14487697903_bili,你这标签啥啊，嵩成蒿了？,11,1,0.2573304078682404,negative,positive
2081989864,youc之父,许蒿hao,5,2,0.6074419125635994,neutral,positive
2081905983,账号已注销,2012何止是华语颠覆感觉是全部圈子的巅峰期,12,4,0.9713858420558902,positive,positive
2087999371,dark教父,潘玮柏最近又红了，17年的那张《illi异类》是真厉害👍🏻,10,3,0.6710748684951793,neutral,positive
2255135168,昵称改一下需要6硬币,泡沫竟然是12年的！我大学才听到,4,1,0.1381853670751186,negative,positive
2191339435,多动症儿童臭臭,流量时代成就了一代人，也毁了一代人,4,2,0.9963885326489054,positive,positive
2134274455,幻小噬le小噬,从uid4用户那来的,4,0,0.0638756910253803,negative,neutral
2091035750,圆环要塞,笑屎，12年欧美都在神仙打架了，这边淋淋和阿妹发个舞曲还被弹幕发问号吐槽质量造型，真的迷幻。,10,0,0.8754104213651799,positive,neutral
2087276869,搖滾著名狠人范德依彪,最近几年地下音乐在疯狂发展，摇滚 民谣 hiphop，面上的流行乐不太行了。,4,0,0.9514949186963978,positive,neutral
2085714325,橘子橘子会飞的橘子,感觉12年开始听的华语歌越来越少了，熟悉的寥寥无几，欧美乐坛简直神仙打架，熟悉的也全是欧美歌曲[笑哭][妙啊],10,4,0.999831052270559,positive,positive
2085630964,旌羽z,表白Angela张韶涵,9,0,0.4350110383349526,neutral,positive
2082694746,深坑四棵树,听过的一半都不到[无语]不知道那时候我在听什么，可能在好好学习吧。我记得胡歌好像还出过专辑，蓝光，她的眼睛会下雨，这两首我很喜欢，好像不是很火？不如他唱的那些主题曲火[笑哭],10,2,0.9515081061598564,positive,positive
2081930192,小新没有心-,我发现到2010年之后，基本就没听过了，完了，老了,4,1,0.4698199460773631,neutral,neutral
2086113254,黑粉丶黑的就是你,梦游计，许嵩的亲签[微笑],9,0,0.8434401117794831,positive,positive
98930840128,JEONG_YE,从这一年开始 韩流开始入侵了,3,0,0.6639098911401772,neutral,neutral
5726810581,jwbhsjsbhsh,其实是12之后华语乐坛的歌质量开始下降。原来零几年的发力的歌手和乐队发的歌越来越少。15年一首小苹果开始网红歌曲开始出现了，18年是抖音学猫叫火了，那一年选秀节目也火了，里面出了一个毛不易，作词还可以，近几年我听的90后歌手里面，邓紫棋，周深等等唱功是最好的一批，其他的唱功一般基本都是作词好，其他的都是流量歌手，cxkxz之流就没什么好说的了,3,0,0.9999962866420056,positive,negative
2756453281,量浅情深不自知,许嵩双杀,3,0,0.6074419125635994,neutral,neutral
2173471453,一只小灰灰吖88,近几年古风，国风火了起来，up可以做做这方面的。,3,1,0.9151417887130168,positive,neutral
2113024006,laugher520,全民推崇自己创作自己唱，谁都号称创作了，然后劣币驱逐良币，打破自然分工的必然趋势，回过头来其实还是怪自己，全民娱乐把专业娱乐挤到无立足之地了，不只是音乐，影视剧不也是么[嫌弃][嫌弃],3,0,0.996806281996418,positive,positive
2099703438,毛裤男神gcc,12年应该有五月天。,9,0,0.4466967412711266,neutral,positive
2095985879,亚内武土,UID4收藏了这个视频,3,0,0.8127103076629779,positive,positive
2084043556,账号已注销,是的，这是最后的辉煌了,3,2,0.9333333333333332,positive,neutral
2083623171,健健今天弹吉他了么,讲道理，JJ毛线梦跟学不会应该有名字的。,3,1,0.665440801054943,neutral,positive
2083355973,肚子你别叫,以前小时候觉得周杰伦唱歌听不清，现在终于明白为什么周杰伦是周杰伦了[小电视_赞][小电视_赞],9,0,0.9766364524626996,positive,positive
2082142482,陳睿,为什么没有盖亚。。,3,0,0.2272620207920419,negative,positive
2081974879,热带雨林背面是荒漠,汪苏泷15年的登陆计划专辑不错,4,0,0.8153563085837163,positive,positive
95200685856,瑜音不绝,吴青峰:虽然我没发新专辑，但我依旧在乐坛里[藏狐]（视频里的《有形的翅膀》《迷幻》两首歌都是他写的）,2,2,0.9997420845567384,positive,negative
94811453264,太妃榛果可可,讲道理，三巨头那几年不止这么几首歌,2,2,0.9228003997937144,positive,positive
5822040380,刘庸干卫又净身,弹幕评论越来越少太真实的,2,0,0.6978424817652833,neutral,positive
5717014368,账号已注销,三巨头杀入神坛[doge][doge][doge],2,0,0.5055626545247989,neutral,neutral
5341823455,Infinity_Lin,学不会11年末发的 两边都不粘[捂脸],2,0,0.0008305505631069,negative,positive
5338784865,隔壁凉夏,阮经天yyds啊，MV里面老是有他[doge],2,0,0.6489939881300107,neutral,neutral
3971221346,我单身我骄傲,这时候的周董还是帅的，还没彻底发福[笑哭],2,0,0.7779136474517132,positive,negative
2459257256,十布鲜衣,小时候一直觉得许嵩的歌很好听，但是清清冷冷的，有点悲,2,1,0.9948302358544132,positive,neutral
2256584650,好运来宝藏男孩,泡沫这么早。。我也是大学才听到，，没想到12年的歌曲已经那么陌生了,2,0,0.6725120483771021,neutral,positive
2199812202,肉揉肉揉肉肉揉,我本来不是周杰伦的粉，但通过这个十几年的榜单…我感觉到他真的很强，基本每年都有质量高又耳熟能详的歌,2,0,0.6323723645684791,neutral,positive
2166850361,泳装可可萝,12年的歌曲盘点，没有最炫民族风是什么意思？歌曲没问题，有问题的是无良的广场舞大妈。就因为受众面太广所以就认为低质量可还行。,2,1,0.9791301839560232,positive,positive
2156743963,把有限的生命,泷哥，两首上榜了,2,0,0.1435319131350239,negative,positive
2083799511,你好_夏天,神仙打架的时代已过,2,0,0.9648355266022676,positive,neutral
2083766913,罗Lewin,每次我一想看就更新了[妙啊],2,0,0.7624204311793692,positive,positive
2083563656,嘿小薇,慢慢开始专注自家了...传唱度下降了,2,0,0.9255562254840668,positive,neutral
2083119241,我建议你别建议,歌单里近些年的歌听多了，突然听到一首难得孤寂，竟然感觉好新奇……,2,0,0.9975177834500284,positive,negative
2082992056,不必要温柔,喜欢上来就放音乐的,2,0,0.7527729983665216,positive,negative
2082931339,安玛莉艾奎玛琳,这一年就开始少有能重复听，听的有感觉的了……,2,1,0.7054248808459339,positive,negative
2082819460,果子狸li_li,我不认他们是非主流[大哭]这是我的青春，写歌作曲，他们哪里差了，一句非主流，到底说的是谁,2,2,0.997236778736085,positive,negative
104869817408,介人很神秘嘛都没写,从2010开始，熟悉的声音越来越少，作曲越来越敷衍，歌词越来越水，能打的越来越没几个[笑哭],2,0,0.4801362756485495,neutral,neutral
99440873520,这孤单太完美,看到24，25，26是真的泪奔了，这一年属于大佬集体回归啊，vae的梦游计，林俊杰的学不会，周杰伦的十二新作，王心凌的爱不爱，Angela的有形的翅膀，汪苏泷的万有引力。。。,1,0,0.9999999482528834,positive,positive
97455396112,聽I这一季雨落,没有庄心妍[嗑瓜子][吃瓜][doge],1,0,0.7572268798705526,positive,positive
94204823040,战地西瓜,没有完美的开始，只有just do it！,1,0,0.807605262922147,positive,neutral
5760409142,爱意落云端,时间都去哪了   去哪里   说实话，前面的歌我都是很平静的挺过去的，最后一首，真的触动到我的心里了，一晃一个十年啊！,1,0,0.9993202689610404,positive,positive
5752232616,辟谣办川副主任,0几年的盘点4/5都听过，到1几年就大概1/5听过，印象也不深。,1,0,0.0512010520259612,negative,negative
5734435417,可爱滴小曾,那年9月我上初中，家里才买电脑[脱单doge],1,1,0.4811288566435163,neutral,positive
5387161308,Public_Goods,相比前几年，肉眼可见的逐渐拉胯[藏狐][藏狐],1,0,0.9988970566374265,positive,neutral
4798918666,疾风阵雨,2012年，算是我最难忘的一年，一整年都靠偶阵雨活着……,1,0,0.9476032102053856,positive,negative
4652741770,我是羽飞,我从这开始放弃华语歌开始听欧美歌和纯音乐了,1,0,0.9971097674083956,positive,positive
4529534040,惆怅的小树,12年后开始转战欧美，以前的歌反而更喜欢收藏了[脱单doge],1,0,0.9678903313518582,positive,positive
3710722592,吃花椒的喵酱丫,12年没有我JJ了[酸了],1,0,0.7238230342994031,positive,negative
3489913555,阿让同学,一吻天荒！！！！！！说到轩辕剑bgm不得不提起这样爱了,1,0,0.0379003831097828,negative,negative
3137738611,lp白开水,说就明明就还行的是憨批吗？比较大的大提琴，手语，乌克丽丽。就非得听矫情的情歌？,1,0,0.0731694933230471,negative,neutral
3131048274,JU焰,qq音乐3巨头？,1,0,0.5233279433802335,neutral,neutral
3122662034,勤劳的敢敢,从仙剑系列歌曲到一吻天荒，才发现时间真的过得好快啊[大哭],1,0,0.982681484465038,positive,neutral
2925175068,江户川の洗衣机,喜欢本兮,1,0,0.6769293492516186,neutral,positive
2459205758,十布鲜衣,在一起，我还是在KTV唱过,1,0,0.3413922229960509,neutral,positive
2443586092,一拳一个5523,本兮,1,0,0.5,neutral,negative
2411458630,ecthelion2333,12年估计都是网络歌曲的年代了。汪苏泷许嵩啥的，然后13年差不多进入流量称王的时期。,1,1,0.9739976416713289,positive,positive
2353243822,why秒,轩辕剑烂片的哈哈哈你品味是有多“高”啊,1,0,0.9205313131833752,positive,positive
2285449240,晴枫_Kae,弹幕戾气真tm重[微笑],1,1,0.5231251289399159,neutral,positive
2234446342,我说得没错,胡歌这个演员简直是在一群歌手面前杀出一条血路不愧是有专业声乐老师的男人,1,0,0.9998711372921364,positive,neutral
2183559027,泳装可可萝,好一个高贵的榜单，好一个高贵的音乐区UP主。带着歧视做盘点视频可要不得。,1,0,0.2165877448847833,negative,negative
2181250379,摩耶sasa,80后歌手真牛逼……90后…00后哎,1,0,0.6784555043136677,neutral,negative
2160233720,尼罗河看客,这一年jj掉线了？,1,0,0.5423834221996218,neutral,positive
2159307785,微笑的舞台,12年其实汪东城的我应该去爱你也挺不错的,1,0,0.940133693116044,positive,positive
2141400446,双胎奶爸陈小河,看评论，我起码打评论区大部分人6岁,1,0,0.1948336675815511,negative,negative
2126821768,新兰佐樱一生推,我那些年最爱老林，杰伦，梁静茹，飞儿乐队,1,0,0.6488166805936935,neutral,neutral
2124868031,小舟hanahana,华晨宇呢！！！,1,1,0.1338774162849659,negative,neutral
2118576477,拉粑粑的小魔仙,2012年，华语乐坛回光返照的一年，也是最后的巅峰，此后再无辉煌😂,1,1,0.9981590073707796,positive,neutral
2117122159,蛋黄派阿,2012的老周王座一直在。而最喜欢的是一吻天荒。,1,0,0.9271337894559232,positive,positive
2111142095,热带雨林背面是荒漠,表白汪苏泷，出道至今出了近180首歌了，各种风格都很棒，音乐才子,1,0,0.9446355017592492,positive,positive
2108409779,琉璃丶Sama,从10年后明显感觉没落了，00年代真的是神奇的年代，神仙各显神通,1,1,0.9414578863514778,positive,positive
2108201644,是靖靖也,杰伦杰伦！！！！,1,0,0.3669453756825959,neutral,neutral
2107896138,Kris啊-mua,信春哥不挂科,1,0,0.2113788596532985,negative,neutral
2094046621,張SAN,建议关弹幕播放[2233娘_喝水],1,0,0.7753898280289481,positive,neutral
2091657958,扩扩阔阔,之后的排行榜越来越让人失望，让后就转战欧美了,1,0,0.0284142160075979,negative,positive
2091464362,篆流年,胡歌，啊啊啊啊,1,0,0.7466699205477195,positive,positive
2090170165,洛辰喵,这个不好，那个不好，能不能在评论区说，弹幕是人看的，不是给狗看的，别污染弹幕，就因为你们这样，现在弹幕都是一群低智商的，上面都要求关掉弹幕，还不是你们搞的，我看视频，看番剧从来不发弹幕。主要还是因为懒,1,0,0.9530790187899248,positive,negative
2084125418,ElijahHua,开始不再那么熟悉了，00-11年是最熟悉的。,1,0,0.923911401889102,positive,neutral
2083993801,请叫我明月,居然没有银临的，，看来我省了不少硬币[蛆音娘_滑稽],1,6,0.0615579851458446,negative,positive
2083526929,苏州晴到多云,一下质量就降了好多,1,1,0.3027389472036386,neutral,positive
2082666703,捣浆糊之王,就等2014的可惜没如果,1,0,0.3799205776761538,neutral,positive
2082526792,抓抓熊爪手,为啥不上我的滑板鞋和法海你不懂爱[笑哭],1,1,0.5454249110592762,neutral,neutral
2082457157,梦梦家的白耗子,求出一个仙三特辑丫,1,0,0.6890246145777377,neutral,negative
2082252007,沃夫刚Wolfgang,真佩服up每年都能想到理由推一下,1,0,0.4109902657486843,neutral,negative
2082198535,老年俱乐部会员,曲婉婷爬爬爬,1,0,0.0286985265973986,negative,positive
2082162509,逆蝶就是我,哎哟~屌,1,0,0.5,neutral,positive
2082109217,为爱鼓掌---,已经开始陌生了,1,0,0.6428571428571428,neutral,positive
2082099921,赶路之人,每年都是最后的辉煌,1,0,0.9393229950448824,positive,positive
2081923387,叫我娜娜糖丶,课代表还没来吗,1,0,0.6892328180892517,neutral,neutral
2081910933,百白A加百列,就一首逆战 熟悉,1,0,0.9215838182824364,positive,neutral
105266631040,芝士火锅烧烤鱼,12年我高一，当时经常循环徐佳莹的歌和邓紫棋的泡沫，ainy这些，还有陈绮贞的，五月天的，许嵩的，还有邓福如的，玉置浩二这些人的歌[大哭]没想到现在我这么大了[笑],1,0,0.997979262700301,positive,positive
103861252176,天野生菜,时间都去哪了实际上是2010年上映的电视剧《老牛家的战争》的片尾曲，只不过在几年后登上春晚才火的,1,0,0.9499694739488136,positive,neutral
102941316704,Juergen-东东,国人的审美太low了，只适合芭乐情歌和慢歌，电音，快歌，舞曲这么前卫的歌，实话说国人跟不上潮流,1,0,0.9047759769445975,positive,neutral
100339759392,唯爱紫霞呀,"大家好，我花了点时间把up主这个系列的绝大部分歌曲都给收藏到了一个歌单，方便大家可以集中的收听，由于一些版权原因所以有些不是原唱，抱歉。还有部分搜不到。喜欢的可以收藏哦
分享lizhengde创建的歌单「特别经典的老歌」: https://y.music.163.com/m/playlist?id=7263790177&userid=416254517&creatorId=416254517 (来自@网易云音乐)",1,0,0.9999936456991392,positive,neutral
2083947576,夜莺的泪,终于打完架了,2,0,0.5613582728500267,neutral,positive
105925897376,Juergen-东东,只听慢歌的人，耳朵是真的有问题,2,0,0.5581285210196234,neutral,positive
98655039264,JackLu57,此时此刻真的是神专！,0,0,0.966552107201318,positive,neutral
97489722144,看不懂你们,嗯？你说的两首歌都没听过，应该不是喜欢的类型，还有网上吹的天花乱坠的听起来也很一般，比如周杰伦的花海，稻香跟青花瓷，个人感觉也就中等偏上，就被吹成国风天花板，也不知新贵妃醉酒不好听还是荷塘月色不好听？红颜不好听？最后说一下楼主讲的这两首歌听起来的感觉，嗯迷幻听起来乱糟糟的，大艺术家还好点起码节奏出来了,0,0,7.070498835248795e-05,negative,neutral
97386899712,一只江燃,yysy，张韶涵的歌不仅好听，而且很正能量，老少皆宜。,0,0,0.8044048443938556,positive,positive
97015668496,cjm537,天后回归,0,0,0.8816276244497009,positive,neutral
96716037088,獨攬-月下螢火,讲真，80后的还是退出这个视频吧，11-12年榜单是90后的青春，你们不理解也正常，不过有一说一，乐坛真正拉胯是在15年之后,0,1,0.937325509102968,positive,neutral
96400613024,Juergen-东东,华语乐坛就是太多人只听慢歌，自己品味垃圾，不接受新鲜东西，反倒倒退，导致华语乐坛落后欧美乐坛几十年,0,0,0.0554833871277344,negative,neutral
95156275472,A雪之吻,杰伦一直坚持华语乐坛爱了,0,0,0.8389332207376944,positive,neutral
94847675568,鬼斯大人,流量明星，没有作品没实力，就能硬捧红，真的可怕。,0,0,0.2820209782336571,negative,neutral
94703312176,不饿也要吃夜宵,12年这些歌基本2/3都没听过，除了杰伦，其他以前关注的歌手也陌生了。感觉应该是11年开始都去听欧美了，而且那几年欧美歌也的确给力，各种经典,0,0,0.9997193252707548,positive,positive
94290773264,对你弹琴的牛,2011不在2012之下，那些年 贝加尔湖畔 夜空中最亮的星 因为爱情,0,0,0.7138155441190784,positive,positive
94192478256,flyjc,00-09诸神之战神仙打架。10-15影视，综艺，民谣，网络开始影响，各种主题曲。15-21彻底进入数字时代，网络疯狂加入，各种粗制滥造抄袭出现。近十年诸神出现发片就救一下，或者冒几个歌手有几首好歌，希望华语乐坛倒退20年,0,0,0.9383199744469654,positive,neutral
5854234365,glawwy,好几首歌在其他年份剪辑也有 我从06年开始追的,0,0,0.9638146703481322,positive,negative
5822851585,hohgfffdsssszss,周杰伦老师是我的偶像，我从小到大都喜欢听他的歌，杰伦老师我爱你,0,0,0.9998573483813408,positive,positive
5777335564,只差5亿就能成,开始崩盘了[囧],0,0,0.4737672181921908,neutral,positive
5268122392,无息的风,2010年后好歌越来越少,0,0,0.7777045275371228,positive,neutral
5216266473,卡希尔可可利亚,张韶涵张韶涵,0,0,0.1657695159190776,negative,positive
5103392427,伊卡洛斯-owner,2011年不配上榜啊,0,0,0.068215697086696,negative,neutral
5039284830,亮治什么戏,海龟先生的《男孩别哭》应该也能上榜,0,0,0.78868584459153,positive,neutral
5037984690,亮治什么戏,真的越来越拉了，才十五首常听,0,0,0.5327607077670845,neutral,neutral
4975528495,白头鹰的小知更鸟,11年开始我上高中，也开始听泰勒水果姐艾薇儿的了,0,0,0.9490152490178076,positive,neutral
4935738750,诺贝尔躺平奖获得者,林俊杰《因你而在》专辑不配有姓名吗，12年可是他出道第十年啊[酸了],0,1,0.0117647113588142,negative,positive
4876337666,Dear雪灵,作为一个演员，胡歌每有一部古装，必有一首歌上榜[喜极而泣],0,0,0.8229061043323632,positive,positive
4857069965,考研无名者,二哥的十二生肖口水歌？弹幕怎么想的[藏狐]这首歌花费他多少心思和心血吗知道吗，怎么能这样说[囧],0,0,0.9984228681248716,positive,positive
4810869780,老蔗,加一首海绵宝宝,0,0,0.8042693521102479,positive,positive
4806909769,庸人按摩,2004年才是,0,0,0.3847609133512721,neutral,neutral
4799002060,况谈,逆战当年传唱度高到不行，还说土？,0,0,0.4172050379126265,neutral,positive
4768726965,今天也喜欢阿银,12年竟然还比11年多一首，29！,0,0,0.080898516315758,negative,neutral
4726246964,saber熊孩子,居然没有老林的歌。。。,0,0,0.3364910582356365,neutral,positive
4684119490,见朕骑基吧凡人,有一说一汪苏泷不是从三国杀开始火的吗，怎么这么晚才出来,0,0,0.2135913799309644,negative,neutral
4627635889,全世界最菜独一档,张惠妹那首是怎么入围的啊    她别的歌也有行的     为啥把这个拉进来了。。,0,0,0.1223742350366412,negative,positive
4581358715,fish店小二,那时候梁静茹也算顶流呢，后面就给渣男生孩子去了,0,0,0.7770197021504398,positive,positive
4569656434,晴落先森,12年还是那些人,0,0,0.391657717634062,neutral,negative
4523707970,BERSERKWOLF,你是不把2004年放在眼里啊,0,0,0.1479400416780558,negative,negative
4496994663,-美丽的独秀-,小苹果以一己之力开启了网红神曲时代[笑哭],0,0,0.9793180802745026,positive,neutral
4433030640,人民离骚,爱很美,0,0,0.9677224094765708,positive,positive
4220175369,guimashuangxin,2012台湾金曲奖五月天获奖盆满钵满居然没有一首，靠。,0,0,0.6257459268237799,neutral,neutral
4220172105,guimashuangxin,"2012年以第八张专辑《第二人生》入围第23届金曲奖“最佳作词人奖（五月天阿信〈诺亚方舟〉）”，并获得“最佳专辑制作人奖”、“最佳作曲人奖（五月天玛莎〈诺亚方舟〉）”、“最佳编曲人奖（五月天、陈建麒〈诺亚方舟〉）”、“最佳年度歌曲奖〈诺亚方舟〉”、“最佳乐团奖”、“最佳国语专辑奖”六个奖项，为当届最大赢家

作者：小栗on air
链接：https://www.zhihu.com/question/51195293/answer/124885655
来源：知乎
著作权归作者所有。商业转载请联系作者获得授权，非商业转载请注明出处。",0,1,0.9999997830512452,positive,positive
4173449059,bili_25143687420,质量下降到我开始快进了,0,0,0.5189519366161193,neutral,neutral
4144298696,magicss82,呃，说实话，大部分都没听过。。。,0,0,0.2986938905596985,negative,neutral
4120890459,呼吸不野,为什么没找到11年😂,0,0,0.1851365795061436,negative,neutral
3969575076,fakefishes,弹幕大神们品歌一直可以的，这不行那不行，真是很严格呢,0,0,0.6259550643484101,neutral,neutral
3957813292,cyqwer123,轩辕剑我感觉一点都不好看，看到弹幕前方高能还以为是什么歌呢。,0,0,0.9562597580396056,positive,neutral
3822475511,Sur1cata,大家觉得女歌手反而变美了是因为杀马特的时代要过去了，00年代早期亚洲流行日式妆容，去看那个时代日本歌手的mv或者看看那时候的片，再和现在的对比就懂了~女歌手普遍都换成韩式妆容了更接近现代审美所以会觉得很多女歌手反而变漂亮了。。。,0,0,0.9999999155014856,positive,positive
3808154185,烂仔想吃天鹅肉,10后起来算不错的也就邓紫棋了,0,0,0.7864058905019963,positive,neutral
3747241065,芊蒑歆,一路看过来这期我竟然只觉得有几首好听[笑哭],0,0,0.7912795965509507,positive,positive
3576408708,雨之匙,这12年没有神专《盖亚》就离谱……,0,0,0.4157909279688884,neutral,neutral
3283776748,乖酒迪猫,12年真的很不错诶，比这两年是强多了,0,0,0.3742516022454488,neutral,neutral
3276672592,對丶勿言,花都开好了   花又开好了 这两首可以的,0,0,0.4345130215756017,neutral,negative
3235749181,白嫖到V6就给币,扣扣三巨头徐良经常占榜一的，你不能应为现在他不火了就无视他吧。,0,0,0.2581649313346505,negative,positive
3208562034,柯南是个老婆奴呀,蔡依林怎么这么瘦,0,0,0.9813728476935176,positive,neutral
3169110677,临了前,为啥越往后播放量越低了？？？就05.06年播放量爆表,0,0,0.0021362990262107,negative,positive
3141418555,星鲲23,封面好评,0,0,0.66874845935292,neutral,positive
3106601286,布丁的城堡,居然没有后弦的你还欠我一个拥抱，当年挺火的,0,0,0.8858167170971818,positive,positive
3096898727,致设计,竟然没有伤不起,0,0,0.3301173522065426,neutral,positive
3070610837,无产阶级钓友,到这年只剩6000赞了,0,0,0.6407419032212378,neutral,neutral
3065948015,库皮詹心徐静雨,以前QQ音乐酷狗音乐的排行榜，前几就没有不好听的,0,0,0.0640528263675179,negative,positive
2976781685,星航系EVIL_FORCE,我记得张惠妹的裂痕是《时空裂痕》的主题曲来着,0,0,0.4166580864749879,neutral,neutral
2922700726,Eho-j,林宥嘉的傻子播放的mv是什么电影？？,0,0,0.3890095785800136,neutral,neutral
2914907676,五本書,为什么弹幕会对薛之谦戾气这么重？,0,0,0.9806510798467653,positive,negative
2912895882,小喵良三三,服装和mv制作质量明显上升，估计是进入高清时代的缘故。,0,0,0.7154869656175783,positive,positive
2906614456,一卷竹风,以前好多都回去快乐大本营宣传呀，我知道这些歌都是从快乐大本营了，哈哈,0,0,0.999295691189907,positive,negative
2903185886,红楼梦作者诸葛亮,是写歌的少了，歌手还是变多了，不信你看这年头写歌的就那几个人,0,0,0.6049618392061092,neutral,neutral
2894542940,开车不看红绿灯の,为什么没有2011,0,0,0.5,neutral,neutral
2779709381,屋顶上的文艺青年,淋雨一直走 确实是四大三小最后一首hit,0,2,0.7359694951387786,positive,positive
2605286068,张二狗随随便便就,大部分没听过😭,0,2,0.3790848956837999,neutral,neutral
2558523935,期待有时间骑行,最喜欢的歌，没有之一,0,0,0.8664585314156108,positive,positive
2533340198,年过半半百的小仙女,马超哎[呲牙][呲牙],0,0,0.4889255518939663,neutral,positive
2488239855,鸖齉赣,爱你爱到死,0,1,0.7671581995194805,positive,positive
2482763970,泽野螂螳,仗着止泻药的余威去球场光着膀子边唱边跳边打篮球,0,0,0.9751663802826462,positive,positive
2462052630,你四洒哔不,怎么没有林俊杰学不会那张专辑[嫌弃],0,0,0.5777568368480906,neutral,neutral
2453388910,拯救中华田圆犬,怎么没有预谋？,0,0,0.5,neutral,positive
2447706692,爱拿铁的五月,居然没天后,0,0,0.057682398036437,negative,positive
2441294636,钧哥牛逼,B站现在是混进来了一堆喷子是吗？,0,0,0.1029900474353151,negative,neutral
2437777529,金昇玟中国在谈女友,12年初二 刚入韩圈 后面的基本就没怎么听过 歌都是在抖音听过,0,0,0.0489373601214488,negative,positive
2433354642,阿黎sone,我就是在这一年入坑了韩圈，从此都只听韩语歌了,0,0,0.7097506113228078,positive,neutral
2332688001,别理黑子,这个是排名吗,0,0,0.2727272727272729,negative,positive
2331946541,厄运巫师,这个感觉就是初中时候开着半导体听101.7的歌,0,0,0.8118712044574041,positive,neutral
2325353283,Gary鲸鱼,28.29都是具有概念意识和社会意义的歌,0,0,0.9581522155967168,positive,neutral
2323086059,两生梦花开,这不是最后的辉煌，还没倒呢！还有人在坚持啊,0,1,0.7850182796944335,positive,neutral
2280389341,Moran_qup,从这年开始好歌少了很多,0,1,0.3968862223855894,neutral,negative
2277422372,账号已注销,没有卜卦,0,0,0.5,neutral,positive
2270059800,溪灵露,这一期弹幕为什么火药味那么重,0,0,0.6931181804449369,neutral,neutral
2270014059,溪灵露,12年真的是乐坛巅峰，12年以后我就感觉像和世界脱节了一样，后面的明星和歌曲基本上都不知道了,0,0,0.7198612106494494,positive,negative
2252053315,爷爷成,那一年就记得这最后这两首歌。,0,0,0.9317329533541882,positive,neutral
2251581597,bili_13177876,对我来说好歌的标准是听完有想唱的欲望，华晨宇的好听，但是没有想唱的欲望。,0,1,0.6571428593544518,neutral,negative
2249907926,只爱SHE,谁都有自己的审美标准，念旧怎么了？,0,1,0.8240068947788961,positive,neutral
2246114007,提莫小粉丝唐成林,这么从04到现在，都是这几个人,0,0,0.755041698228922,positive,neutral
2241524035,养猫的风行者,好多没听过[无语],0,0,0.3043343877828108,neutral,neutral
2220105776,迷之麥片,流量是啥意思？。。有没有科普。。。,0,2,0.8146015826098187,positive,positive
2206664523,Asenday1,开始拉胯了,0,1,0.3168979439193241,neutral,neutral
2206139453,lzwdwb,这一年，初中毕业。,0,0,0.7186575267216403,positive,neutral
2200909851,拉上东方,09年的歌都听过，10年和11年太少听了，12年终于能听到熟悉的了,0,0,0.1784983332320839,negative,positive
2193569115,い云梦衣,女巨头,0,0,0.5795817880337516,neutral,positive
2188484198,是圆柚会也是园游会,其实2012年也不错，只不过和00几年还是差远了,0,0,0.5675612910379528,neutral,neutral
2177413721,なな子TAT,Yoga的浪费也很好听啊[委屈][委屈],0,0,0.2622760577276845,negative,positive
2175929621,塔鲁比斯,之前点蓝井艾露的泡沫结果放的是凳子齐的泡沫,0,0,0.0765880544151987,negative,positive
2175605217,愫苍苍,20/45首次没听过的比听过的多,0,5,0.5184179573676125,neutral,neutral
2172562992,独缺余温,怪凤凰这年又没啥好歌，up很难做,0,0,0.302641372142917,neutral,neutral
2169420192,卫明溪快攻起来,啊，7年多过来了，真想回到12年[大哭],0,0,0.738012037428629,positive,neutral
2163881038,lc_LastCross,12年是回光返照吧 比11 12 强,0,0,0.5268553240042386,neutral,neutral
2159866131,1ngram4filzy,不是  为什么12年金曲奖这么多的五月天  会没有歌上榜啊  我傻了,0,0,0.1217322542905766,negative,positive
2156689151,贝-door-芬,"12年，实体专辑逐渐变为数字专辑
这一年很特别
杰伦《惊叹号》失利，向市场妥协，发部《12新座》因为是市场妥协专辑，反响平平
互联网开始大部分普及，华语乐坛缺少新鲜血液
，流量明星开始进入人们的视野中",0,1,0.9999991701820372,positive,negative
2155403219,你是白米饭啊,许巍的世外桃源至今还是最爱之一！！！,0,0,0.8768387224714892,positive,negative
2146443896,小树子emm,我发现薛的弹幕里都是打胎[doge],0,0,0.8699696041258267,positive,positive
2145441981,可可爱爱的小柚子12138,没有老林的一年,0,0,0.5231453251042464,neutral,neutral
2138366573,晚来天欲雪97,不敢相信，是七年前，总感觉是两三年前,0,1,0.7653772739349519,positive,neutral
2137555506,jz-666,2012年张靓颖的《好不容易》,0,0,0.1094252916822935,negative,positive
2134955597,老郭其实不老,可以,0,0,0.5262327818078083,neutral,positive
2134557228,November一,我高一的时候，那时候CCTV15会有mv放,0,0,0.6683652460428176,neutral,positive
2125614645,Bing_饼饼吃瓜,jj作曲,0,0,0.4737672181921908,neutral,positive
2122660484,卷鹅的头号粉丝yu,还好现在我又有华晨宇了,0,0,0.5794698200035306,neutral,positive
2120205913,鱼丸火锅加丶辣,伤不起呢，当时蛮火的,0,0,0.5120840423373776,neutral,positive
2118721990,GZZbilibili,听到这里就是新歌变老歌的感慨了,0,0,0.9921911959846302,positive,neutral
2118655532,qwertyuQwert,华语乐坛08-10跌入低谷，11 12开始复兴,0,0,0.6482000392769812,neutral,positive
2117959659,悦凝忆,你他喵的量大，总有几首能撞到心,0,0,0.9934605278200092,positive,neutral
2117906958,其兴也勃焉其亡也忽焉,2012的欧美圈神仙打架？,0,0,0.8348620919305376,positive,positive
2117616687,天冷蓝,筷子兄弟呢？,0,0,0.140665241698999,negative,positive
2116015970,向刚好好,开始下坡了,0,0,0.5,neutral,positive
2109950198,豆腐YesIDo,魏晨的v space,0,0,0.3271990641764793,neutral,positive
2107863575,Kris啊-mua,大蛇团,0,0,0.505746216935643,neutral,neutral
2107157165,圣朱雀的西北狼,冲许巍，三连安排了[害羞],0,0,0.5122992523755258,neutral,neutral
2105360390,送子枇杷,12年其实挺辉煌了歌曲歌手都很能打并且MV画质好评,0,0,0.9982389039576066,positive,negative
2103790037,你跪下我有事求你,隐形的翅膀这一年显形了,0,0,0.9522732041882492,positive,positive
2101630177,Nazaritism_,高二那年听的歌基本都在啊，哈哈哈,0,0,0.9973645266286452,positive,positive
2101213822,LovelyChestnut,与其放那么多凑数歌，不如多放点杰伦专辑里的歌~,0,0,0.8742936172788157,positive,positive
2100481347,禁止好耶123,？？？？凤凰传奇呢,0,0,0.7836480622614217,positive,positive
2099442219,努力不会背叛自己,2012金曲奖结果被五月天屠榜了，应该是单届获奖最多的一届了吧,0,1,0.5654978932162269,neutral,neutral
2097217651,芯如雨下,表白一波被亲妈坑得体无完肤的张韶涵,0,0,0.1106218388978975,negative,negative
2096575685,五山遗老,盖亚是那一年的金曲奖年专，厉害吧，给那些音乐素养low到爆的听还不是没听过就完事了，所以说啊，国人音乐素养差就别洗了，该干嘛干嘛，懂？,0,0,3.773092523717825e-05,negative,negative
2094531695,见Blues,什么歌都往里凑哈哈,0,0,0.4735500991271744,neutral,negative
2094156478,StevenZhao,听过的已经不到一半了,0,0,0.3487350414334637,neutral,neutral
2093930616,墨字梦想,林宥嘉和邓紫棋俩那些年都在谈恋爱，为什么都是出的一堆悲情歌,0,0,0.9969182120179636,positive,neutral
2093851909,永公街街长,感觉好多歌手都改变风格了？,0,1,0.9650468473238916,positive,positive
2093502425,和光同尘1122,日暮西山的赶脚……唉！,0,0,0.1068712265934273,negative,negative
2092647756,两袖清风百无聊赖,有个弹幕问 发行是什么意思，，笑出声 让人不禁感叹,0,0,0.948915970226448,positive,neutral
2092163534,凛桑丶,蔡依林都嘲，只会听非主流情歌？,0,0,0.9968381005949104,positive,neutral
2091576642,白羊座-浪,其实我想说六哲呢,0,1,0.3673266513108966,neutral,positive
2091470113,篆流年,表白我兮,0,0,0.2669009438334475,negative,neutral
2091449640,篆流年,本命曲,0,1,0.5,neutral,positive
2091443766,篆流年,3,0,0,0.3901209677419354,neutral,neutral
2091442816,篆流年,2,0,0,0.3305578684429642,neutral,positive
2091442233,篆流年,1,0,0,0.3268983268983266,neutral,neutral
2090665236,账号已注销,当年的华语乐坛啊，唉！难受啊！,0,0,0.4758547611222805,neutral,neutral
2090161850,洛辰喵,弹幕一群低智商,0,0,0.511366037128326,neutral,positive
2090153214,洛辰喵,口区尼玛币,0,0,0.4737672181921908,neutral,neutral
2088659224,Homesiresoo,"有些人真的就只是听听芭乐的水平吧
什么也不懂就在弹幕舞 可笑[微笑]",0,0,0.9603008508700636,positive,positive
2088394989,恋心心念心念恋,我个人印象里，李荣浩邓紫棋后，真的开始没落一堆了，后面出现的盗版歌手，真的侮辱了华语乐坛，华语乐坛需要新的凤凰浴火重生，而不是娘炮，某粥这种来继续侮辱华语乐坛,0,0,0.0117754764006842,negative,positive
2088348455,IIIIIllusion,2012  都说世界末日那一年  大一  ，最甜的这首合唱，一起唱过,0,0,0.9966677561118894,positive,neutral
2088127390,小月半絮w,大概是从这一年开始...我不怎么听流行歌了？,0,0,0.3510842691337743,neutral,positive
2087901417,无情剑客痴情郎,听着这些歌，我望着窗外，内心乱做一团，当年我勇敢的把她约出来，就真的在瓜地陪她看了一夜的星星，还如此的激动令我无法自拔。我真傻！怪不得到现在还单身[大哭],0,0,0.9958557842030769,positive,positive
2087410960,柚子君Lee,"以前的歌，首首听过+会唱
现在的歌，都没听过+不会唱",0,0,0.99086105667626,positive,negative
2087362025,七价铬,为什么没有那些年,0,1,0.5492584745762712,neutral,negative
2087068771,店长-EVOI,说起来你可能不信，我当年一边开着不具名的悲伤听，一边玩恐怖游戏[捂脸],0,0,0.8640236594087657,positive,neutral
2086927926,惠子小灰灰,现在的音乐市场哎 就像作弊一样没人知道,0,0,0.6839549595425948,neutral,positive
2086622478,有笛陈情,再过7年就到鸡你太美了，好激动,0,0,0.9049841020587132,positive,positive
2086585363,啧啧是什么,不知道除什么时候开始不再关注各类歌手……除了杰伦…那些年后不再熟悉也不再记忆歌坛们的神仙打架了…,0,0,0.999764301487629,positive,positive
2086453616,账号已注销,或许是我们老了[捂脸][捂脸],0,2,0.0058390950959644,negative,positive
2086447709,想走却已经太迟了,毕竟世界末日,0,0,0.9184045282640588,positive,positive
2086408259,哼尬哼尬哼尬,十万粉丝  女装？？？,0,0,0.2443120014420132,negative,negative
2086340978,拂晓青空-,很多歌都没听过，初中主要都在学习，放学回家路上踩着路边音响歌点是一种乐趣，而且当时广场舞歌曲逐渐盛行，还有韩潮，也没买过p3，只有一盒磁带,0,0,0.9997864344138624,positive,positive
2086198557,Mrj冬,歌坛扛把子所剩无几,0,0,0.127358307169776,negative,positive
2086071547,54个工人,最近10基本没有好听的原创歌了，各种cover泛滥恶心死了,0,0,0.0998899653111887,negative,positive
2086037692,空白拍,想知道曲婉婷有什么问题吗，为什么弹幕有人骂她「我是真不知道，就问一下」,0,4,0.0281965665755371,negative,positive
2086014167,梵ஐ沐,12年我十岁上二年级[笑哭],0,1,0.7992402729157513,positive,neutral
2086006699,背带中分打篮球,UP加油,0,0,0.7403237531962563,positive,positive
2085666076,游心丨,温哥华歌手曲婉婷，其母贪污3个多亿，逼的鹤岗一家三口16年春节吃下了农药的猪肉大米饭，她在温哥华住着均价5000多万的别墅，15万每年的学费，太多了，搜一下吧,0,0,0.6633488189171125,neutral,positive
2085517090,萝菜头,你看这碗又大又圆你看这面,0,0,0.6285906114343398,neutral,positive
2085383544,疾风野野,不知道从什么时候起就不喜欢追新歌了，现在车里都是一些歌，外甥外甥女坐我车都会吐槽，说我才30几岁怎么还听这些十几年前的歌……其实我好想说现在这些tm是歌曲吗？？？,0,1,0.9531858615741364,positive,neutral
2085150604,夜I曲,就是12年开始走下坡路了,0,0,0.3266828137050134,neutral,neutral
2085060854,Tsukuyomi_Neo,我记得胡夏的那些年好像也是12年的？,0,0,0.5458561737732937,neutral,positive
2084979483,Now北狼迷恋,SARA可惜了,0,1,0.5540815279872057,neutral,positive
2084882768,90后的青春记忆,萧亚轩的遗失的心跳呢，也是12年的啊,0,0,0.34686585927707,neutral,negative
2084603853,开老车的新司机,本兮的情花  是09—10出的   12年应该是RUN away 这张专辑,0,4,0.2089079465803456,negative,neutral
2084504336,-轻梧-,搞不懂为什么现在这么多喜欢出掺着英文的歌，还快的听不清词,0,0,0.7240177345699765,positive,positive
2084348946,也许只是无奈,明白了，接下来基本上断更了[doge],0,0,0.4705846571209839,neutral,neutral
2084241280,两眼都是小星星,鸡你太美倒计时[滑稽],0,1,0.8533930764806681,positive,neutral
2084121597,格雷柚子控,16年那首歌可以有名字吗[滑稽][滑稽][滑稽],0,0,0.7278479579956859,positive,neutral
2084103209,白井涼,切，还是野郎迪斯科和死亡骆驼好听,0,0,0.9772496150333968,positive,positive
2084093828,Sulanzhi,Up主，你厉害。你准备做到那年？,0,0,0.8103950612321139,positive,neutral
2084059838,屮持盾屮,信春哥得永生,0,0,0.6282612465481442,neutral,neutral
2084035451,蚂蚁酱zby,最喜欢的同龄女歌手本兮！,0,0,0.9433736234857486,positive,neutral
2083991829,Y_Avalon,好像就是今年开始。。很少听歌了。。不是没时间。。是好听的歌变少了。。,0,0,0.1051866371407287,negative,positive
2083455033,风鸣雨声,最近这些年确实没有多少好歌出现，抄袭、搬运的被发现的倒是越来越多了[吃瓜],0,1,0.2719796941938399,negative,positive
2083393395,喵双酱,把up🐷的视频都看完了,0,0,0.7118666031432931,positive,negative
2083372221,毛绒绒的哔哩,感觉这一年一般般,0,0,0.5485674738465612,neutral,positive
2083273341,前老公,是芥末日(泪目)分界,0,0,0.5557006386811154,neutral,positive
2083105545,忆起风,大部分都没听过了,0,0,0.4285255660533972,neutral,positive
2082961294,苏打水16,来了来了,0,0,0.8333333333333333,positive,neutral
2082939394,眠君不相逢,本兮走了啊,0,0,0.5568901543072187,neutral,negative
2082833945,果子狸li_li,还有，张杰做了什么得罪你们，从他出场就一直刷土，闰土，你很nb吗？,0,0,0.1837943466369384,negative,neutral
2082741779,YishuaiTse,许巍的世外桃源里面张译演的是什么电视剧,0,1,0.9853665444901276,positive,positive
2082683702,IU晓晓,原来12年我还有听过几首歌啊,0,0,0.7256521659267287,positive,positive
2082633929,Dummchen-,去婚礼必有时间都去哪了,0,0,0.5957275700808046,neutral,positive
2082625535,魔化贝,流量滚。实力歌手回来！！！,0,0,0.3468638647703999,neutral,positive
2082497268,我的狮子跳跳跳,emmm  为啥没有五月天的2012啊  难道是11年发的专辑吗[微笑],0,0,0.0083616145496955,negative,positive
2082496555,绣丶失意g,总得有个《学不会》吧,0,1,0.7695438752330144,positive,neutral
2082402159,鬼怪clist,连迷幻也有人喷？只会听芭乐？,0,0,0.0971536401386922,negative,negative
2082399479,作业放着让我来,从这一年开始，没听过的歌比听过的多了[喜极而泣],0,0,0.4240897681602725,neutral,positive
2082307721,鹰佐忍者手游,12年好像就是流量的开始  tf  归国四子等等  我记得是12  难道是14？,0,2,0.0866604535300373,negative,neutral
2082291628,威威伟伟123,10年以后很多之前一年一专的歌手变成两年一专了，在这之中很少有新鲜血液进入，之后短视频平台的兴起，人也变得浮躁，很少有人认真做音乐了。,0,0,0.9991415274665938,positive,positive
2082244487,萌军小伙伴,"许嵩的心疼你的过去，传唱度没那么高吧。[doge]梦游计里，只有幻听能和其他歌知名度相媲美，其他歌还是歌迷听的多。
顺便希望13年能有违章动物。",0,1,0.998043372074546,positive,positive
2082181386,splitkeeper,大部分还是听过,0,0,0.5789962907460117,neutral,positive
2082151459,山楂Light,完了，上了高中了，已经开始隔绝外界了[捂脸],0,1,0.5398870564095399,neutral,neutral
2082119190,呆平沢唯,各位都好快啊,0,0,0.6886219061682437,neutral,neutral
2082116868,bili_405040194,这些歌都好陌生,0,0,0.8892355167127777,positive,positive
2082113397,吹在旷野里的风,"梦游计
明明就
世外桃源
这些歌2020年夜会听[调皮]",0,0,0.9824784221672216,positive,positive
2082111655,去往来时的路上,高中三年没接触音乐，后来就是大学了。这三年出的歌都错过了。感觉错过好几个亿！,0,0,0.9960301851674804,positive,positive
2082106465,艾特利亚斯A纳兹,苏打绿，秋故事，至少5首歌好听到爆,0,1,0.99685132652702,positive,neutral
2082100790,不假思索123,在弹幕刷没听过的恶不恶心？自己听歌少就去补，这期歌够耳熟能详了,0,1,0.1694706410715304,negative,neutral
2082100246,一只小黄球,本兮啊啊啊！up你币有了！,0,0,0.6864403227850091,neutral,negative
2082095000,你们会后悔的,2013听过的会更少,0,0,0.6273085652334698,neutral,positive
2082092324,畸形木偶人,有一说一还可以[doge],0,0,0.4122427018017939,neutral,positive
2082080326,新东方特技厨师汉尼拔,我觉得不行，回不去了，兄弟萌,0,0,0.1334940690010757,negative,neutral
2082076398,摄影师莫西,爱的魔法，这个好听，我有原版,0,0,0.9290133829446752,positive,positive
2082008836,PE封尘,新面孔除了邓紫棋其他都没听过,0,4,0.5923166041055667,neutral,neutral
2081984492,灬为了小小,早[2233娘_耶],0,0,0.4561607380820415,neutral,neutral
2081927213,我比从前更寂寞8,许嵩吧,0,0,0.6321844467865266,neutral,positive
2081909917,铃铛斯默克,时间都去哪儿了原来2012年就有了吗?我还觉得是近几年才出的[疼],0,0,0.4978463123746041,neutral,neutral
2081908268,夢沉抹大拉,2012的歌还行吧，没那些人说的这么夸张,0,0,0.5913116758619019,neutral,positive
2081901615,独享此心,课代表都没来,0,0,0.6684485166755593,neutral,negative
2081900831,虾米虾米-瞎,这么早,0,0,0.5225225225225225,neutral,positive
2081900663,百白A加百列,来了来了,0,0,0.8333333333333333,positive,neutral
140852554944,Juergen-东东,只听慢歌的人耳朵该去治治，舞曲和电音这么前卫的东西果然你们不配听,0,0,0.057217627726988,negative,positive
132937595328,破壊神暗黑四天王,许巍此时此刻？？,0,0,0.4644998626135589,neutral,neutral
119690664416,o沙瀑送葬o,听过的只有14/44。。。肉眼可见的下降。   2004年几乎全听过[doge],0,0,0.3312045189149204,neutral,positive
119542010128,24Peters-cdd洪世贤,谁说she解散的，谁说的！！,0,0,0.3993111141288896,neutral,neutral
119237297200,宇航黑洞,这一年有了几首盲区,0,0,0.6386573705301078,neutral,positive
118367414480,Juergen-东东,不听舞曲只听慢歌的请走开，少话多,0,0,0.3440011280865238,neutral,neutral
115777659264,______小黑________,为啥情歌越来越多了啊,0,0,0.0605278454196026,negative,neutral
108220016816,lamlamsssssss,2012年没有盖亚？无言歌吗？,0,0,0.1577703299021058,negative,neutral
107336541936,解接我滴乖乖,为什么没有容祖儿呢,0,0,0.7297953905324696,positive,neutral
101789335552,烁星-musicstar,没有盖亚吗，世纪大神专，当年国专一轮过，周杰伦也没有阻击住,0,0,0.7096969305525953,positive,positive
101002205744,太妃榛果可可,BV1sb411h7fU,0,1,0.5,neutral,positive
100454075808,今天种树,再不疯狂我们就老了,0,0,0.0582690241649892,negative,positive
100014128384,Pluto6688,反正我觉得汪苏泷的歌是越来越有质量了，《祝我快乐》《银河》《全世界陪我失眠》《旷梦》《不夜城》都很好听，而且写的也比以前的歌需要唱功,0,0,0.9999999926591971,positive,positive
